epoch,time,train/box_loss,train/cls_loss,train/dfl_loss,metrics/precision(B),metrics/recall(B),metrics/mAP50(B),metrics/mAP50-95(B),val/box_loss,val/cls_loss,val/dfl_loss,lr/pg0,lr/pg1,lr/pg2
1,4.0724,0,53.418,0,0,0,0,0,0,59.0837,0,0.00010002,0.00010002,0.00010002
2,6.89106,0,51.7873,0,0,0,0,0,0,58.8622,0,0.000214565,0.000214565,0.000214565
3,9.30816,0,50.0655,0,0,0,0,0,0,58.6626,0,0.000326799,0.000326799,0.000326799
4,11.7857,0,47.8984,0,0,0,0,0,0,57.7982,0,0.000436722,0.000436722,0.000436722
5,14.3499,0,45.5534,0,0,0,0,0,0,56.5467,0,0.000544336,0.000544336,0.000544336
6,16.8753,0,43.3741,0,0,0,0,0,0,54.4685,0,0.000649638,0.000649638,0.000649638
7,19.4736,0,41.3317,0,0,0,0,0,0,53.0403,0,0.00075263,0.00075263,0.00075263
8,22.0798,0,40.0688,0,0,0,0,0,0,50.6209,0,0.000853312,0.000853312,0.000853312
9,24.7488,0,39.6265,0,0,0,0,0,0,72.9109,0,0.000951684,0.000951684,0.000951684
10,27.4155,0,38.3334,0,0,0,0,0,0,57.3433,0,0.00104774,0.00104774,0.00104774
11,30.0092,0,37.3622,0,0,0,0,0,0,48.2578,0,0.00114149,0.00114149,0.00114149
12,32.5722,0,36.7329,0,0,0,0,0,0,40.3523,0,0.00123293,0.00123293,0.00123293
13,35.204,0,35.8451,0,0,0,0,0,0,36.5227,0,0.00132206,0.00132206,0.00132206
14,37.585,0,35.0157,0,0,0,0,0,0,36.5227,0,0.00140888,0.00140888,0.00140888
15,40.2,0,34.4079,0,0,0,0,0,0,36.2189,0,0.00143595,0.00143595,0.00143595
16,42.8201,0,33.6947,0,0,0,0,0,0,34.925,0,0.00141945,0.00141945,0.00141945
17,45.4413,0,33.1197,0,0,0,0,0,0,31.9796,0,0.00140295,0.00140295,0.00140295
18,48.0028,0,32.4924,0,0,0,0,0,0,31.087,0,0.00138644,0.00138644,0.00138644
19,50.4693,0,31.8576,0,0,0,0,0,0,31.2622,0,0.00136994,0.00136994,0.00136994
20,52.9508,0,31.235,0,0,0,0,0,0,30.6758,0,0.00135344,0.00135344,0.00135344
21,55.4617,0,30.4981,0,0,0,0,0,0,30.3081,0,0.00133693,0.00133693,0.00133693
22,57.8211,0,29.913,0,0,0,0,0,0,30.3081,0,0.00132043,0.00132043,0.00132043
23,60.3381,0,29.3792,0,0,0,0,0,0,29.4571,0,0.00130393,0.00130393,0.00130393
24,62.7722,0,28.8179,0,0,0,0,0,0,28.6776,0,0.00128742,0.00128742,0.00128742
25,65.2798,0,28.272,0,0,0,0,0,0,28.2084,0,0.00127092,0.00127092,0.00127092
26,67.6533,0,27.734,0,0,0,0,0,0,28.1857,0,0.00125442,0.00125442,0.00125442
27,70.0817,0,27.324,0,0,0,0,0,0,28.2775,0,0.00123791,0.00123791,0.00123791
28,72.5731,0,26.8103,0,0,0,0,0,0,28.1167,0,0.00122141,0.00122141,0.00122141
29,75.0339,0,26.3416,0,0,0,0,0,0,27.6522,0,0.00120491,0.00120491,0.00120491
30,77.3963,0,25.7288,0,0,0,0,0,0,27.6522,0,0.0011884,0.0011884,0.0011884
31,79.8643,0,25.3153,0,0,0,0,0,0,26.8535,0,0.0011719,0.0011719,0.0011719
32,82.2243,0,25.0339,0,0,0,0,0,0,26.7735,0,0.0011554,0.0011554,0.0011554
33,84.6017,0,24.5253,0,0,0,0,0,0,26.713,0,0.00113889,0.00113889,0.00113889
34,86.978,0,24.1311,0,0,0,0,0,0,27.1167,0,0.00112239,0.00112239,0.00112239
35,89.3431,0,23.7737,0,0,0,0,0,0,27.2437,0,0.00110589,0.00110589,0.00110589
36,91.6849,0,23.3585,0,0,0,0,0,0,26.6442,0,0.00108938,0.00108938,0.00108938
37,94.0567,0,22.9173,0,0,0,0,0,0,25.6963,0,0.00107288,0.00107288,0.00107288
38,96.4019,0,22.492,0,0,0,0,0,0,25.6963,0,0.00105638,0.00105638,0.00105638
39,98.7569,0,22.1229,0,0,0,0,0,0,24.8811,0,0.00103987,0.00103987,0.00103987
40,101.158,0,21.7805,0,0,0,0,0,0,24.3884,0,0.00102337,0.00102337,0.00102337
41,103.554,0,21.3854,0,0,0,0,0,0,23.8742,0,0.00100687,0.00100687,0.00100687
42,105.911,0,21.0716,0,0,0,0,0,0,23.303,0,0.000990365,0.000990365,0.000990365
43,108.267,0,20.7566,0,0,0,0,0,0,22.9604,0,0.000973861,0.000973861,0.000973861
44,110.617,0,20.4307,0,0,0,0,0,0,22.548,0,0.000957358,0.000957358,0.000957358
45,113.028,0,20.0794,0,0,0,0,0,0,22.0487,0,0.000940855,0.000940855,0.000940855
46,115.481,0,19.6907,0,0,0,0,0,0,22.0487,0,0.000924352,0.000924352,0.000924352
47,117.899,0,19.3928,0,0,0,0,0,0,21.6785,0,0.000907848,0.000907848,0.000907848
48,120.42,0,19.1118,0,0,0,0,0,0,21.5527,0,0.000891345,0.000891345,0.000891345
49,122.783,0,18.8626,0,0,0,0,0,0,21.3148,0,0.000874842,0.000874842,0.000874842
50,125.121,0,18.7509,0,0,0,0,0,0,21.1563,0,0.000858338,0.000858338,0.000858338
51,127.477,0,18.3488,0,0,0,0,0,0,21.2013,0,0.000841835,0.000841835,0.000841835
52,129.965,0,18.1231,0,0,0,0,0,0,33.0911,0,0.000825332,0.000825332,0.000825332
53,132.664,0,17.8624,0,0,0,0,0,0,22.3416,0,0.000808828,0.000808828,0.000808828
54,135.259,0,17.5991,0,0,0,0,0,0,22.3416,0,0.000792325,0.000792325,0.000792325
55,137.832,0,17.3567,0,0,0,0,0,0,19.92,0,0.000775822,0.000775822,0.000775822
56,140.331,0,17.169,0,0,0,0,0,0,19.661,0,0.000759318,0.000759318,0.000759318
57,142.778,0,16.9425,0,0,0,0,0,0,19.1985,0,0.000742815,0.000742815,0.000742815
58,145.226,0,16.7032,0,0,0,0,0,0,18.5738,0,0.000726312,0.000726312,0.000726312
59,147.646,0,16.5164,0,0,0,0,0,0,18.1283,0,0.000709809,0.000709809,0.000709809
60,150.102,0,16.3032,0,0,0,0,0,0,17.9675,0,0.000693305,0.000693305,0.000693305
61,152.551,0,16.1081,0,0,0,0,0,0,17.866,0,0.000676802,0.000676802,0.000676802
62,155.047,0,15.8586,0,0,0,0,0,0,17.866,0,0.000660299,0.000660299,0.000660299
63,157.477,0,15.6716,0,0,0,0,0,0,17.6065,0,0.000643795,0.000643795,0.000643795
64,159.922,0,15.4982,0,0,0,0,0,0,17.302,0,0.000627292,0.000627292,0.000627292
65,162.392,0,15.3528,0,0,0,0,0,0,17.0194,0,0.000610789,0.000610789,0.000610789
66,164.878,0,15.1652,0,0,0,0,0,0,16.757,0,0.000594286,0.000594286,0.000594286
67,167.316,0,15.0122,0,0,0,0,0,0,16.4655,0,0.000577782,0.000577782,0.000577782
68,169.699,0,14.8645,0,0,0,0,0,0,16.2382,0,0.000561279,0.000561279,0.000561279
69,172.277,0,14.6968,0,0,0,0,0,0,16.0482,0,0.000544776,0.000544776,0.000544776
70,175.016,0,14.5131,0,0,0,0,0,0,16.0482,0,0.000528272,0.000528272,0.000528272
71,177.474,0,14.3827,0,0,0,0,0,0,15.9028,0,0.000511769,0.000511769,0.000511769
72,180.122,0,14.2483,0,0,0,0,0,0,15.6656,0,0.000495266,0.000495266,0.000495266
73,182.61,0,14.1406,0,0,0,0,0,0,15.4897,0,0.000478762,0.000478762,0.000478762
74,185.073,0,14.0027,0,0,0,0,0,0,15.3412,0,0.000462259,0.000462259,0.000462259
75,187.71,0,13.8811,0,0,0,0,0,0,15.2137,0,0.000445756,0.000445756,0.000445756
76,190.541,0,13.7891,0,0,0,0,0,0,15.1178,0,0.000429253,0.000429253,0.000429253
77,193.182,0,13.6502,0,0,0,0,0,0,15.0439,0,0.000412749,0.000412749,0.000412749
78,195.609,0,13.5313,0,0,0,0,0,0,15.0439,0,0.000396246,0.000396246,0.000396246
79,198.029,0,13.4411,0,0,0,0,0,0,14.9245,0,0.000379743,0.000379743,0.000379743
80,200.405,0,13.3316,0,0,0,0,0,0,14.7883,0,0.000363239,0.000363239,0.000363239
81,202.799,0,13.2541,0,0,0,0,0,0,14.6526,0,0.000346736,0.000346736,0.000346736
82,205.166,0,13.1693,0,0,0,0,0,0,14.5357,0,0.000330233,0.000330233,0.000330233
83,207.626,0,13.0965,0,0,0,0,0,0,14.4412,0,0.000313729,0.000313729,0.000313729
84,210.035,0,13.0249,0,0,0,0,0,0,14.3463,0,0.000297226,0.000297226,0.000297226
85,212.44,0,12.9238,0,0,0,0,0,0,14.2452,0,0.000280723,0.000280723,0.000280723
86,214.798,0,12.8551,0,0,0,0,0,0,14.2452,0,0.00026422,0.00026422,0.00026422
87,217.17,0,12.8027,0,0,0,0,0,0,14.1489,0,0.000247716,0.000247716,0.000247716
88,219.587,0,12.7354,0,0,0,0,0,0,14.0873,0,0.000231213,0.000231213,0.000231213
89,222.01,0,12.6791,0,0,0,0,0,0,13.9951,0,0.00021471,0.00021471,0.00021471
90,224.461,0,12.6362,0,0,0,0,0,0,13.9057,0,0.000198206,0.000198206,0.000198206
91,227.298,0,12.5941,0,0,0,0,0,0,13.9818,0,0.000181703,0.000181703,0.000181703
92,229.805,0,12.5559,0,0,0,0,0,0,15.6892,0,0.0001652,0.0001652,0.0001652
93,232.285,0,12.5033,0,0,0,0,0,0,25.1502,0,0.000148696,0.000148696,0.000148696
94,234.636,0,12.4629,0,0,0,0,0,0,25.1502,0,0.000132193,0.000132193,0.000132193
95,236.971,0,12.4326,0,0,0,0,0,0,22.6509,0,0.00011569,0.00011569,0.00011569
96,239.32,0,12.4135,0,0,0,0,0,0,23.045,0,9.91865e-05,9.91865e-05,9.91865e-05
97,241.719,0,12.3803,0,0,0,0,0,0,27.3693,0,8.26832e-05,8.26832e-05,8.26832e-05
98,244.232,0,12.3648,0,0,0,0,0,0,28.0313,0,6.61799e-05,6.61799e-05,6.61799e-05
99,246.656,0,12.3577,0,0,0,0,0,0,25.8978,0,4.96766e-05,4.96766e-05,4.96766e-05
100,249.075,0,12.3445,0,0,0,0,0,0,32.5943,0,3.31733e-05,3.31733e-05,3.31733e-05
