timestamp,zone,site,car_count,person_count,road_capacity,ped_capacity,road_occupancy,ped_occupancy
2026-05-20 00:00:00,GATE_Campus,Smart Campus,3,0,25,120,0.12,0.0
2026-05-20 00:00:00,HUB_StationFwd,Transport Hub,2,0,30,200,0.067,0.0
2026-05-20 00:00:00,JCT_MainRoad,Public Street,2,0,40,60,0.05,0.0
2026-05-20 00:00:00,MALL_CarParkIn,Commercial Area,2,2,50,90,0.04,0.022
2026-05-20 00:05:00,GATE_Campus,Smart Campus,3,8,25,120,0.12,0.067
2026-05-20 00:05:00,HUB_StationFwd,Transport Hub,0,8,30,200,0.0,0.04
2026-05-20 00:05:00,JCT_MainRoad,Public Street,0,1,40,60,0.0,0.017
2026-05-20 00:05:00,MALL_CarParkIn,Commercial Area,2,0,50,90,0.04,0.0
2026-05-20 00:10:00,GATE_Campus,Smart Campus,1,0,25,120,0.04,0.0
2026-05-20 00:10:00,HUB_StationFwd,Transport Hub,3,0,30,200,0.1,0.0
2026-05-20 00:10:00,JCT_MainRoad,Public Street,4,0,40,60,0.1,0.0
2026-05-20 00:10:00,MALL_CarParkIn,Commercial Area,2,5,50,90,0.04,0.056
2026-05-20 00:15:00,GATE_Campus,Smart Campus,2,0,25,120,0.08,0.0
2026-05-20 00:15:00,HUB_StationFwd,Transport Hub,1,21,30,200,0.033,0.105
2026-05-20 00:15:00,JCT_MainRoad,Public Street,4,2,40,60,0.1,0.033
2026-05-20 00:15:00,MALL_CarParkIn,Commercial Area,2,4,50,90,0.04,0.044
2026-05-20 00:20:00,GATE_Campus,Smart Campus,0,0,25,120,0.0,0.0
2026-05-20 00:20:00,HUB_StationFwd,Transport Hub,1,2,30,200,0.033,0.01
2026-05-20 00:20:00,JCT_MainRoad,Public Street,0,6,40,60,0.0,0.1
2026-05-20 00:20:00,MALL_CarParkIn,Commercial Area,1,2,50,90,0.02,0.022
2026-05-20 00:25:00,GATE_Campus,Smart Campus,0,2,25,120,0.0,0.017
2026-05-20 00:25:00,HUB_StationFwd,Transport Hub,4,7,30,200,0.133,0.035
2026-05-20 00:25:00,JCT_MainRoad,Public Street,0,0,40,60,0.0,0.0
2026-05-20 00:25:00,MALL_CarParkIn,Commercial Area,0,0,50,90,0.0,0.0
2026-05-20 00:30:00,GATE_Campus,Smart Campus,0,4,25,120,0.0,0.033
2026-05-20 00:30:00,HUB_StationFwd,Transport Hub,0,32,30,200,0.0,0.16
2026-05-20 00:30:00,JCT_MainRoad,Public Street,2,0,40,60,0.05,0.0
2026-05-20 00:30:00,MALL_CarParkIn,Commercial Area,0,3,50,90,0.0,0.033
2026-05-20 00:35:00,GATE_Campus,Smart Campus,0,0,25,120,0.0,0.0
2026-05-20 00:35:00,HUB_StationFwd,Transport Hub,0,22,30,200,0.0,0.11
2026-05-20 00:35:00,JCT_MainRoad,Public Street,1,2,40,60,0.025,0.033
2026-05-20 00:35:00,MALL_CarParkIn,Commercial Area,5,1,50,90,0.1,0.011
2026-05-20 00:40:00,GATE_Campus,Smart Campus,2,8,25,120,0.08,0.067
2026-05-20 00:40:00,HUB_StationFwd,Transport Hub,0,0,30,200,0.0,0.0
2026-05-20 00:40:00,JCT_MainRoad,Public Street,2,2,40,60,0.05,0.033
2026-05-20 00:40:00,MALL_CarParkIn,Commercial Area,0,0,50,90,0.0,0.0
2026-05-20 00:45:00,GATE_Campus,Smart Campus,4,3,25,120,0.16,0.025
2026-05-20 00:45:00,HUB_StationFwd,Transport Hub,0,0,30,200,0.0,0.0
2026-05-20 00:45:00,JCT_MainRoad,Public Street,0,0,40,60,0.0,0.0
2026-05-20 00:45:00,MALL_CarParkIn,Commercial Area,1,0,50,90,0.02,0.0
2026-05-20 00:50:00,GATE_Campus,Smart Campus,0,0,25,120,0.0,0.0
2026-05-20 00:50:00,HUB_StationFwd,Transport Hub,1,0,30,200,0.033,0.0
2026-05-20 00:50:00,JCT_MainRoad,Public Street,4,0,40,60,0.1,0.0
2026-05-20 00:50:00,MALL_CarParkIn,Commercial Area,0,5,50,90,0.0,0.056
2026-05-20 00:55:00,GATE_Campus,Smart Campus,0,0,25,120,0.0,0.0
2026-05-20 00:55:00,HUB_StationFwd,Transport Hub,0,10,30,200,0.0,0.05
2026-05-20 00:55:00,JCT_MainRoad,Public Street,4,2,40,60,0.1,0.033
2026-05-20 00:55:00,MALL_CarParkIn,Commercial Area,2,0,50,90,0.04,0.0
2026-05-20 01:00:00,GATE_Campus,Smart Campus,1,2,25,120,0.04,0.017
2026-05-20 01:00:00,HUB_StationFwd,Transport Hub,0,3,30,200,0.0,0.015
2026-05-20 01:00:00,JCT_MainRoad,Public Street,2,7,40,60,0.05,0.117
2026-05-20 01:00:00,MALL_CarParkIn,Commercial Area,1,3,50,90,0.02,0.033
2026-05-20 01:05:00,GATE_Campus,Smart Campus,4,1,25,120,0.16,0.008
2026-05-20 01:05:00,HUB_StationFwd,Transport Hub,0,0,30,200,0.0,0.0
2026-05-20 01:05:00,JCT_MainRoad,Public Street,5,0,40,60,0.125,0.0
2026-05-20 01:05:00,MALL_CarParkIn,Commercial Area,7,0,50,90,0.14,0.0
2026-05-20 01:10:00,GATE_Campus,Smart Campus,0,2,25,120,0.0,0.017
2026-05-20 01:10:00,HUB_StationFwd,Transport Hub,6,22,30,200,0.2,0.11
2026-05-20 01:10:00,JCT_MainRoad,Public Street,3,4,40,60,0.075,0.067
2026-05-20 01:10:00,MALL_CarParkIn,Commercial Area,4,9,50,90,0.08,0.1
2026-05-20 01:15:00,GATE_Campus,Smart Campus,1,2,25,120,0.04,0.017
2026-05-20 01:15:00,HUB_StationFwd,Transport Hub,5,3,30,200,0.167,0.015
2026-05-20 01:15:00,JCT_MainRoad,Public Street,0,0,40,60,0.0,0.0
2026-05-20 01:15:00,MALL_CarParkIn,Commercial Area,0,0,50,90,0.0,0.0
2026-05-20 01:20:00,GATE_Campus,Smart Campus,4,4,25,120,0.16,0.033
2026-05-20 01:20:00,HUB_StationFwd,Transport Hub,0,32,30,200,0.0,0.16
2026-05-20 01:20:00,JCT_MainRoad,Public Street,3,1,40,60,0.075,0.017
2026-05-20 01:20:00,MALL_CarParkIn,Commercial Area,4,5,50,90,0.08,0.056
2026-05-20 01:25:00,GATE_Campus,Smart Campus,0,9,25,120,0.0,0.075
2026-05-20 01:25:00,HUB_StationFwd,Transport Hub,0,5,30,200,0.0,0.025
2026-05-20 01:25:00,JCT_MainRoad,Public Street,0,0,40,60,0.0,0.0
2026-05-20 01:25:00,MALL_CarParkIn,Commercial Area,0,0,50,90,0.0,0.0
2026-05-20 01:30:00,GATE_Campus,Smart Campus,0,0,25,120,0.0,0.0
2026-05-20 01:30:00,HUB_StationFwd,Transport Hub,0,25,30,200,0.0,0.125
2026-05-20 01:30:00,JCT_MainRoad,Public Street,4,0,40,60,0.1,0.0
2026-05-20 01:30:00,MALL_CarParkIn,Commercial Area,0,2,50,90,0.0,0.022
2026-05-20 01:35:00,GATE_Campus,Smart Campus,0,0,25,120,0.0,0.0
2026-05-20 01:35:00,HUB_StationFwd,Transport Hub,0,8,30,200,0.0,0.04
2026-05-20 01:35:00,JCT_MainRoad,Public Street,1,6,40,60,0.025,0.1
2026-05-20 01:35:00,MALL_CarParkIn,Commercial Area,3,6,50,90,0.06,0.067
2026-05-20 01:40:00,GATE_Campus,Smart Campus,0,0,25,120,0.0,0.0
2026-05-20 01:40:00,HUB_StationFwd,Transport Hub,1,16,30,200,0.033,0.08
2026-05-20 01:40:00,JCT_MainRoad,Public Street,1,3,40,60,0.025,0.05
2026-05-20 01:40:00,MALL_CarParkIn,Commercial Area,0,0,50,90,0.0,0.0
2026-05-20 01:45:00,GATE_Campus,Smart Campus,2,4,25,120,0.08,0.033
2026-05-20 01:45:00,HUB_StationFwd,Transport Hub,0,0,30,200,0.0,0.0
2026-05-20 01:45:00,JCT_MainRoad,Public Street,0,7,40,60,0.0,0.117
2026-05-20 01:45:00,MALL_CarParkIn,Commercial Area,5,7,50,90,0.1,0.078
2026-05-20 01:50:00,GATE_Campus,Smart Campus,1,11,25,120,0.04,0.092
2026-05-20 01:50:00,HUB_StationFwd,Transport Hub,1,0,30,200,0.033,0.0
2026-05-20 01:50:00,JCT_MainRoad,Public Street,5,5,40,60,0.125,0.083
2026-05-20 01:50:00,MALL_CarParkIn,Commercial Area,0,0,50,90,0.0,0.0
2026-05-20 01:55:00,GATE_Campus,Smart Campus,0,0,25,120,0.0,0.0
2026-05-20 01:55:00,HUB_StationFwd,Transport Hub,0,10,30,200,0.0,0.05
2026-05-20 01:55:00,JCT_MainRoad,Public Street,1,3,40,60,0.025,0.05
2026-05-20 01:55:00,MALL_CarParkIn,Commercial Area,0,3,50,90,0.0,0.033
2026-05-20 02:00:00,GATE_Campus,Smart Campus,2,0,25,120,0.08,0.0
2026-05-20 02:00:00,HUB_StationFwd,Transport Hub,0,16,30,200,0.0,0.08
2026-05-20 02:00:00,JCT_MainRoad,Public Street,0,7,40,60,0.0,0.117
2026-05-20 02:00:00,MALL_CarParkIn,Commercial Area,0,7,50,90,0.0,0.078
2026-05-20 02:05:00,GATE_Campus,Smart Campus,0,0,25,120,0.0,0.0
2026-05-20 02:05:00,HUB_StationFwd,Transport Hub,2,5,30,200,0.067,0.025
2026-05-20 02:05:00,JCT_MainRoad,Public Street,1,3,40,60,0.025,0.05
2026-05-20 02:05:00,MALL_CarParkIn,Commercial Area,0,5,50,90,0.0,0.056
2026-05-20 02:10:00,GATE_Campus,Smart Campus,3,0,25,120,0.12,0.0
2026-05-20 02:10:00,HUB_StationFwd,Transport Hub,2,0,30,200,0.067,0.0
2026-05-20 02:10:00,JCT_MainRoad,Public Street,3,4,40,60,0.075,0.067
2026-05-20 02:10:00,MALL_CarParkIn,Commercial Area,6,12,50,90,0.12,0.133
2026-05-20 02:15:00,GATE_Campus,Smart Campus,0,0,25,120,0.0,0.0
2026-05-20 02:15:00,HUB_StationFwd,Transport Hub,2,0,30,200,0.067,0.0
2026-05-20 02:15:00,JCT_MainRoad,Public Street,3,0,40,60,0.075,0.0
2026-05-20 02:15:00,MALL_CarParkIn,Commercial Area,4,0,50,90,0.08,0.0
2026-05-20 02:20:00,GATE_Campus,Smart Campus,0,0,25,120,0.0,0.0
2026-05-20 02:20:00,HUB_StationFwd,Transport Hub,0,0,30,200,0.0,0.0
2026-05-20 02:20:00,JCT_MainRoad,Public Street,3,1,40,60,0.075,0.017
2026-05-20 02:20:00,MALL_CarParkIn,Commercial Area,8,0,50,90,0.16,0.0
2026-05-20 02:25:00,GATE_Campus,Smart Campus,2,3,25,120,0.08,0.025
2026-05-20 02:25:00,HUB_StationFwd,Transport Hub,3,0,30,200,0.1,0.0
2026-05-20 02:25:00,JCT_MainRoad,Public Street,3,0,40,60,0.075,0.0
2026-05-20 02:25:00,MALL_CarParkIn,Commercial Area,10,0,50,90,0.2,0.0
2026-05-20 02:30:00,GATE_Campus,Smart Campus,2,0,25,120,0.08,0.0
2026-05-20 02:30:00,HUB_StationFwd,Transport Hub,0,5,30,200,0.0,0.025
2026-05-20 02:30:00,JCT_MainRoad,Public Street,8,5,40,60,0.2,0.083
2026-05-20 02:30:00,MALL_CarParkIn,Commercial Area,0,5,50,90,0.0,0.056
2026-05-20 02:35:00,GATE_Campus,Smart Campus,2,10,25,120,0.08,0.083
2026-05-20 02:35:00,HUB_StationFwd,Transport Hub,3,18,30,200,0.1,0.09
2026-05-20 02:35:00,JCT_MainRoad,Public Street,0,0,40,60,0.0,0.0
2026-05-20 02:35:00,MALL_CarParkIn,Commercial Area,2,5,50,90,0.04,0.056
2026-05-20 02:40:00,GATE_Campus,Smart Campus,0,0,25,120,0.0,0.0
2026-05-20 02:40:00,HUB_StationFwd,Transport Hub,1,4,30,200,0.033,0.02
2026-05-20 02:40:00,JCT_MainRoad,Public Street,0,4,40,60,0.0,0.067
2026-05-20 02:40:00,MALL_CarParkIn,Commercial Area,0,2,50,90,0.0,0.022
2026-05-20 02:45:00,GATE_Campus,Smart Campus,2,0,25,120,0.08,0.0
2026-05-20 02:45:00,HUB_StationFwd,Transport Hub,0,0,30,200,0.0,0.0
2026-05-20 02:45:00,JCT_MainRoad,Public Street,0,1,40,60,0.0,0.017
2026-05-20 02:45:00,MALL_CarParkIn,Commercial Area,0,0,50,90,0.0,0.0
2026-05-20 02:50:00,GATE_Campus,Smart Campus,0,6,25,120,0.0,0.05
2026-05-20 02:50:00,HUB_StationFwd,Transport Hub,1,2,30,200,0.033,0.01
2026-05-20 02:50:00,JCT_MainRoad,Public Street,3,5,40,60,0.075,0.083
2026-05-20 02:50:00,MALL_CarParkIn,Commercial Area,0,6,50,90,0.0,0.067
2026-05-20 02:55:00,GATE_Campus,Smart Campus,1,0,25,120,0.04,0.0
2026-05-20 02:55:00,HUB_StationFwd,Transport Hub,2,2,30,200,0.067,0.01
2026-05-20 02:55:00,JCT_MainRoad,Public Street,5,4,40,60,0.125,0.067
2026-05-20 02:55:00,MALL_CarParkIn,Commercial Area,0,0,50,90,0.0,0.0
2026-05-20 03:00:00,GATE_Campus,Smart Campus,0,5,25,120,0.0,0.042
2026-05-20 03:00:00,HUB_StationFwd,Transport Hub,2,29,30,200,0.067,0.145
2026-05-20 03:00:00,JCT_MainRoad,Public Street,1,8,40,60,0.025,0.133
2026-05-20 03:00:00,MALL_CarParkIn,Commercial Area,0,8,50,90,0.0,0.089
2026-05-20 03:05:00,GATE_Campus,Smart Campus,2,3,25,120,0.08,0.025
2026-05-20 03:05:00,HUB_StationFwd,Transport Hub,1,0,30,200,0.033,0.0
2026-05-20 03:05:00,JCT_MainRoad,Public Street,0,4,40,60,0.0,0.067
2026-05-20 03:05:00,MALL_CarParkIn,Commercial Area,1,17,50,90,0.02,0.189
2026-05-20 03:10:00,GATE_Campus,Smart Campus,0,2,25,120,0.0,0.017
2026-05-20 03:10:00,HUB_StationFwd,Transport Hub,4,0,30,200,0.133,0.0
2026-05-20 03:10:00,JCT_MainRoad,Public Street,0,0,40,60,0.0,0.0
2026-05-20 03:10:00,MALL_CarParkIn,Commercial Area,0,4,50,90,0.0,0.044
2026-05-20 03:15:00,GATE_Campus,Smart Campus,0,14,25,120,0.0,0.117
2026-05-20 03:15:00,HUB_StationFwd,Transport Hub,3,25,30,200,0.1,0.125
2026-05-20 03:15:00,JCT_MainRoad,Public Street,3,1,40,60,0.075,0.017
2026-05-20 03:15:00,MALL_CarParkIn,Commercial Area,5,5,50,90,0.1,0.056
2026-05-20 03:20:00,GATE_Campus,Smart Campus,2,0,25,120,0.08,0.0
2026-05-20 03:20:00,HUB_StationFwd,Transport Hub,1,10,30,200,0.033,0.05
2026-05-20 03:20:00,JCT_MainRoad,Public Street,4,0,40,60,0.1,0.0
2026-05-20 03:20:00,MALL_CarParkIn,Commercial Area,0,0,50,90,0.0,0.0
2026-05-20 03:25:00,GATE_Campus,Smart Campus,1,18,25,120,0.04,0.15
2026-05-20 03:25:00,HUB_StationFwd,Transport Hub,3,11,30,200,0.1,0.055
2026-05-20 03:25:00,JCT_MainRoad,Public Street,3,0,40,60,0.075,0.0
2026-05-20 03:25:00,MALL_CarParkIn,Commercial Area,12,0,50,90,0.24,0.0
2026-05-20 03:30:00,GATE_Campus,Smart Campus,0,1,25,120,0.0,0.008
2026-05-20 03:30:00,HUB_StationFwd,Transport Hub,5,6,30,200,0.167,0.03
2026-05-20 03:30:00,JCT_MainRoad,Public Street,0,7,40,60,0.0,0.117
2026-05-20 03:30:00,MALL_CarParkIn,Commercial Area,0,0,50,90,0.0,0.0
2026-05-20 03:35:00,GATE_Campus,Smart Campus,4,0,25,120,0.16,0.0
2026-05-20 03:35:00,HUB_StationFwd,Transport Hub,5,9,30,200,0.167,0.045
2026-05-20 03:35:00,JCT_MainRoad,Public Street,2,4,40,60,0.05,0.067
2026-05-20 03:35:00,MALL_CarParkIn,Commercial Area,2,0,50,90,0.04,0.0
2026-05-20 03:40:00,GATE_Campus,Smart Campus,0,3,25,120,0.0,0.025
2026-05-20 03:40:00,HUB_StationFwd,Transport Hub,0,14,30,200,0.0,0.07
2026-05-20 03:40:00,JCT_MainRoad,Public Street,2,0,40,60,0.05,0.0
2026-05-20 03:40:00,MALL_CarParkIn,Commercial Area,0,0,50,90,0.0,0.0
2026-05-20 03:45:00,GATE_Campus,Smart Campus,1,0,25,120,0.04,0.0
2026-05-20 03:45:00,HUB_StationFwd,Transport Hub,0,0,30,200,0.0,0.0
2026-05-20 03:45:00,JCT_MainRoad,Public Street,2,0,40,60,0.05,0.0
2026-05-20 03:45:00,MALL_CarParkIn,Commercial Area,8,12,50,90,0.16,0.133
2026-05-20 03:50:00,GATE_Campus,Smart Campus,1,0,25,120,0.04,0.0
2026-05-20 03:50:00,HUB_StationFwd,Transport Hub,4,16,30,200,0.133,0.08
2026-05-20 03:50:00,JCT_MainRoad,Public Street,4,2,40,60,0.1,0.033
2026-05-20 03:50:00,MALL_CarParkIn,Commercial Area,6,4,50,90,0.12,0.044
2026-05-20 03:55:00,GATE_Campus,Smart Campus,0,6,25,120,0.0,0.05
2026-05-20 03:55:00,HUB_StationFwd,Transport Hub,0,0,30,200,0.0,0.0
2026-05-20 03:55:00,JCT_MainRoad,Public Street,2,0,40,60,0.05,0.0
2026-05-20 03:55:00,MALL_CarParkIn,Commercial Area,3,4,50,90,0.06,0.044
2026-05-20 04:00:00,GATE_Campus,Smart Campus,2,7,25,120,0.08,0.058
2026-05-20 04:00:00,HUB_StationFwd,Transport Hub,0,9,30,200,0.0,0.045
2026-05-20 04:00:00,JCT_MainRoad,Public Street,4,0,40,60,0.1,0.0
2026-05-20 04:00:00,MALL_CarParkIn,Commercial Area,0,1,50,90,0.0,0.011
2026-05-20 04:05:00,GATE_Campus,Smart Campus,0,0,25,120,0.0,0.0
2026-05-20 04:05:00,HUB_StationFwd,Transport Hub,0,8,30,200,0.0,0.04
2026-05-20 04:05:00,JCT_MainRoad,Public Street,2,3,40,60,0.05,0.05
2026-05-20 04:05:00,MALL_CarParkIn,Commercial Area,3,2,50,90,0.06,0.022
2026-05-20 04:10:00,GATE_Campus,Smart Campus,0,11,25,120,0.0,0.092
2026-05-20 04:10:00,HUB_StationFwd,Transport Hub,2,0,30,200,0.067,0.0
2026-05-20 04:10:00,JCT_MainRoad,Public Street,2,6,40,60,0.05,0.1
2026-05-20 04:10:00,MALL_CarParkIn,Commercial Area,0,8,50,90,0.0,0.089
2026-05-20 04:15:00,GATE_Campus,Smart Campus,3,12,25,120,0.12,0.1
2026-05-20 04:15:00,HUB_StationFwd,Transport Hub,1,6,30,200,0.033,0.03
2026-05-20 04:15:00,JCT_MainRoad,Public Street,3,4,40,60,0.075,0.067
2026-05-20 04:15:00,MALL_CarParkIn,Commercial Area,7,3,50,90,0.14,0.033
2026-05-20 04:20:00,GATE_Campus,Smart Campus,0,14,25,120,0.0,0.117
2026-05-20 04:20:00,HUB_StationFwd,Transport Hub,0,0,30,200,0.0,0.0
2026-05-20 04:20:00,JCT_MainRoad,Public Street,0,0,40,60,0.0,0.0
2026-05-20 04:20:00,MALL_CarParkIn,Commercial Area,5,6,50,90,0.1,0.067
2026-05-20 04:25:00,GATE_Campus,Smart Campus,0,8,25,120,0.0,0.067
2026-05-20 04:25:00,HUB_StationFwd,Transport Hub,0,0,30,200,0.0,0.0
2026-05-20 04:25:00,JCT_MainRoad,Public Street,1,3,40,60,0.025,0.05
2026-05-20 04:25:00,MALL_CarParkIn,Commercial Area,2,2,50,90,0.04,0.022
2026-05-20 04:30:00,GATE_Campus,Smart Campus,4,14,25,120,0.16,0.117
2026-05-20 04:30:00,HUB_StationFwd,Transport Hub,0,3,30,200,0.0,0.015
2026-05-20 04:30:00,JCT_MainRoad,Public Street,0,2,40,60,0.0,0.033
2026-05-20 04:30:00,MALL_CarParkIn,Commercial Area,0,2,50,90,0.0,0.022
2026-05-20 04:35:00,GATE_Campus,Smart Campus,5,0,25,120,0.2,0.0
2026-05-20 04:35:00,HUB_StationFwd,Transport Hub,0,0,30,200,0.0,0.0
2026-05-20 04:35:00,JCT_MainRoad,Public Street,0,4,40,60,0.0,0.067
2026-05-20 04:35:00,MALL_CarParkIn,Commercial Area,0,0,50,90,0.0,0.0
2026-05-20 04:40:00,GATE_Campus,Smart Campus,0,3,25,120,0.0,0.025
2026-05-20 04:40:00,HUB_StationFwd,Transport Hub,6,12,30,200,0.2,0.06
2026-05-20 04:40:00,JCT_MainRoad,Public Street,1,8,40,60,0.025,0.133
2026-05-20 04:40:00,MALL_CarParkIn,Commercial Area,4,0,50,90,0.08,0.0
2026-05-20 04:45:00,GATE_Campus,Smart Campus,0,0,25,120,0.0,0.0
2026-05-20 04:45:00,HUB_StationFwd,Transport Hub,2,0,30,200,0.067,0.0
2026-05-20 04:45:00,JCT_MainRoad,Public Street,6,0,40,60,0.15,0.0
2026-05-20 04:45:00,MALL_CarParkIn,Commercial Area,6,3,50,90,0.12,0.033
2026-05-20 04:50:00,GATE_Campus,Smart Campus,0,7,25,120,0.0,0.058
2026-05-20 04:50:00,HUB_StationFwd,Transport Hub,3,18,30,200,0.1,0.09
2026-05-20 04:50:00,JCT_MainRoad,Public Street,0,1,40,60,0.0,0.017
2026-05-20 04:50:00,MALL_CarParkIn,Commercial Area,6,5,50,90,0.12,0.056
2026-05-20 04:55:00,GATE_Campus,Smart Campus,1,2,25,120,0.04,0.017
2026-05-20 04:55:00,HUB_StationFwd,Transport Hub,0,0,30,200,0.0,0.0
2026-05-20 04:55:00,JCT_MainRoad,Public Street,4,5,40,60,0.1,0.083
2026-05-20 04:55:00,MALL_CarParkIn,Commercial Area,0,0,50,90,0.0,0.0
2026-05-20 05:00:00,GATE_Campus,Smart Campus,1,5,25,120,0.04,0.042
2026-05-20 05:00:00,HUB_StationFwd,Transport Hub,1,4,30,200,0.033,0.02
2026-05-20 05:00:00,JCT_MainRoad,Public Street,0,0,40,60,0.0,0.0
2026-05-20 05:00:00,MALL_CarParkIn,Commercial Area,3,5,50,90,0.06,0.056
2026-05-20 05:05:00,GATE_Campus,Smart Campus,0,21,25,120,0.0,0.175
2026-05-20 05:05:00,HUB_StationFwd,Transport Hub,0,4,30,200,0.0,0.02
2026-05-20 05:05:00,JCT_MainRoad,Public Street,1,9,40,60,0.025,0.15
2026-05-20 05:05:00,MALL_CarParkIn,Commercial Area,6,6,50,90,0.12,0.067
2026-05-20 05:10:00,GATE_Campus,Smart Campus,2,6,25,120,0.08,0.05
2026-05-20 05:10:00,HUB_StationFwd,Transport Hub,0,29,30,200,0.0,0.145
2026-05-20 05:10:00,JCT_MainRoad,Public Street,2,5,40,60,0.05,0.083
2026-05-20 05:10:00,MALL_CarParkIn,Commercial Area,0,0,50,90,0.0,0.0
2026-05-20 05:15:00,GATE_Campus,Smart Campus,2,11,25,120,0.08,0.092
2026-05-20 05:15:00,HUB_StationFwd,Transport Hub,0,18,30,200,0.0,0.09
2026-05-20 05:15:00,JCT_MainRoad,Public Street,4,7,40,60,0.1,0.117
2026-05-20 05:15:00,MALL_CarParkIn,Commercial Area,2,1,50,90,0.04,0.011
2026-05-20 05:20:00,GATE_Campus,Smart Campus,0,7,25,120,0.0,0.058
2026-05-20 05:20:00,HUB_StationFwd,Transport Hub,0,12,30,200,0.0,0.06
2026-05-20 05:20:00,JCT_MainRoad,Public Street,4,2,40,60,0.1,0.033
2026-05-20 05:20:00,MALL_CarParkIn,Commercial Area,3,9,50,90,0.06,0.1
2026-05-20 05:25:00,GATE_Campus,Smart Campus,3,10,25,120,0.12,0.083
2026-05-20 05:25:00,HUB_StationFwd,Transport Hub,0,22,30,200,0.0,0.11
2026-05-20 05:25:00,JCT_MainRoad,Public Street,4,8,40,60,0.1,0.133
2026-05-20 05:25:00,MALL_CarParkIn,Commercial Area,2,9,50,90,0.04,0.1
2026-05-20 05:30:00,GATE_Campus,Smart Campus,5,10,25,120,0.2,0.083
2026-05-20 05:30:00,HUB_StationFwd,Transport Hub,0,0,30,200,0.0,0.0
2026-05-20 05:30:00,JCT_MainRoad,Public Street,1,9,40,60,0.025,0.15
2026-05-20 05:30:00,MALL_CarParkIn,Commercial Area,0,1,50,90,0.0,0.011
2026-05-20 05:35:00,GATE_Campus,Smart Campus,2,14,25,120,0.08,0.117
2026-05-20 05:35:00,HUB_StationFwd,Transport Hub,5,18,30,200,0.167,0.09
2026-05-20 05:35:00,JCT_MainRoad,Public Street,1,6,40,60,0.025,0.1
2026-05-20 05:35:00,MALL_CarParkIn,Commercial Area,2,9,50,90,0.04,0.1
2026-05-20 05:40:00,GATE_Campus,Smart Campus,1,20,25,120,0.04,0.167
2026-05-20 05:40:00,HUB_StationFwd,Transport Hub,2,44,30,200,0.067,0.22
2026-05-20 05:40:00,JCT_MainRoad,Public Street,5,7,40,60,0.125,0.117
2026-05-20 05:40:00,MALL_CarParkIn,Commercial Area,2,14,50,90,0.04,0.156
2026-05-20 05:45:00,GATE_Campus,Smart Campus,2,25,25,120,0.08,0.208
2026-05-20 05:45:00,HUB_StationFwd,Transport Hub,5,23,30,200,0.167,0.115
2026-05-20 05:45:00,JCT_MainRoad,Public Street,3,7,40,60,0.075,0.117
2026-05-20 05:45:00,MALL_CarParkIn,Commercial Area,3,14,50,90,0.06,0.156
2026-05-20 05:50:00,GATE_Campus,Smart Campus,3,16,25,120,0.12,0.133
2026-05-20 05:50:00,HUB_StationFwd,Transport Hub,4,24,30,200,0.133,0.12
2026-05-20 05:50:00,JCT_MainRoad,Public Street,0,4,40,60,0.0,0.067
2026-05-20 05:50:00,MALL_CarParkIn,Commercial Area,2,10,50,90,0.04,0.111
2026-05-20 05:55:00,GATE_Campus,Smart Campus,0,19,25,120,0.0,0.158
2026-05-20 05:55:00,HUB_StationFwd,Transport Hub,5,31,30,200,0.167,0.155
2026-05-20 05:55:00,JCT_MainRoad,Public Street,1,7,40,60,0.025,0.117
2026-05-20 05:55:00,MALL_CarParkIn,Commercial Area,3,9,50,90,0.06,0.1
2026-05-20 06:00:00,GATE_Campus,Smart Campus,3,8,25,120,0.12,0.067
2026-05-20 06:00:00,HUB_StationFwd,Transport Hub,2,37,30,200,0.067,0.185
2026-05-20 06:00:00,JCT_MainRoad,Public Street,2,7,40,60,0.05,0.117
2026-05-20 06:00:00,MALL_CarParkIn,Commercial Area,6,9,50,90,0.12,0.1
2026-05-20 06:05:00,GATE_Campus,Smart Campus,4,19,25,120,0.16,0.158
2026-05-20 06:05:00,HUB_StationFwd,Transport Hub,6,9,30,200,0.2,0.045
2026-05-20 06:05:00,JCT_MainRoad,Public Street,8,11,40,60,0.2,0.183
2026-05-20 06:05:00,MALL_CarParkIn,Commercial Area,10,17,50,90,0.2,0.189
2026-05-20 06:10:00,GATE_Campus,Smart Campus,8,28,25,120,0.32,0.233
2026-05-20 06:10:00,HUB_StationFwd,Transport Hub,7,14,30,200,0.233,0.07
2026-05-20 06:10:00,JCT_MainRoad,Public Street,8,14,40,60,0.2,0.233
2026-05-20 06:10:00,MALL_CarParkIn,Commercial Area,9,17,50,90,0.18,0.189
2026-05-20 06:15:00,GATE_Campus,Smart Campus,5,28,25,120,0.2,0.233
2026-05-20 06:15:00,HUB_StationFwd,Transport Hub,5,39,30,200,0.167,0.195
2026-05-20 06:15:00,JCT_MainRoad,Public Street,11,7,40,60,0.275,0.117
2026-05-20 06:15:00,MALL_CarParkIn,Commercial Area,10,20,50,90,0.2,0.222
2026-05-20 06:20:00,GATE_Campus,Smart Campus,9,25,25,120,0.36,0.208
2026-05-20 06:20:00,HUB_StationFwd,Transport Hub,9,30,30,200,0.3,0.15
2026-05-20 06:20:00,JCT_MainRoad,Public Street,9,11,40,60,0.225,0.183
2026-05-20 06:20:00,MALL_CarParkIn,Commercial Area,13,18,50,90,0.26,0.2
2026-05-20 06:25:00,GATE_Campus,Smart Campus,5,31,25,120,0.2,0.258
2026-05-20 06:25:00,HUB_StationFwd,Transport Hub,10,57,30,200,0.333,0.285
2026-05-20 06:25:00,JCT_MainRoad,Public Street,12,18,40,60,0.3,0.3
2026-05-20 06:25:00,MALL_CarParkIn,Commercial Area,8,23,50,90,0.16,0.256
2026-05-20 06:30:00,GATE_Campus,Smart Campus,9,30,25,120,0.36,0.25
2026-05-20 06:30:00,HUB_StationFwd,Transport Hub,9,40,30,200,0.3,0.2
2026-05-20 06:30:00,JCT_MainRoad,Public Street,15,10,40,60,0.375,0.167
2026-05-20 06:30:00,MALL_CarParkIn,Commercial Area,18,20,50,90,0.36,0.222
2026-05-20 06:35:00,GATE_Campus,Smart Campus,10,36,25,120,0.4,0.3
2026-05-20 06:35:00,HUB_StationFwd,Transport Hub,9,23,30,200,0.3,0.115
2026-05-20 06:35:00,JCT_MainRoad,Public Street,14,11,40,60,0.35,0.183
2026-05-20 06:35:00,MALL_CarParkIn,Commercial Area,18,25,50,90,0.36,0.278
2026-05-20 06:40:00,GATE_Campus,Smart Campus,9,32,25,120,0.36,0.267
2026-05-20 06:40:00,HUB_StationFwd,Transport Hub,10,34,30,200,0.333,0.17
2026-05-20 06:40:00,JCT_MainRoad,Public Street,18,15,40,60,0.45,0.25
2026-05-20 06:40:00,MALL_CarParkIn,Commercial Area,21,27,50,90,0.42,0.3
2026-05-20 06:45:00,GATE_Campus,Smart Campus,12,29,25,120,0.48,0.242
2026-05-20 06:45:00,HUB_StationFwd,Transport Hub,14,19,30,200,0.467,0.095
2026-05-20 06:45:00,JCT_MainRoad,Public Street,17,19,40,60,0.425,0.317
2026-05-20 06:45:00,MALL_CarParkIn,Commercial Area,27,19,50,90,0.54,0.211
2026-05-20 06:50:00,GATE_Campus,Smart Campus,15,35,25,120,0.6,0.292
2026-05-20 06:50:00,HUB_StationFwd,Transport Hub,16,52,30,200,0.533,0.26
2026-05-20 06:50:00,JCT_MainRoad,Public Street,20,16,40,60,0.5,0.267
2026-05-20 06:50:00,MALL_CarParkIn,Commercial Area,19,15,50,90,0.38,0.167
2026-05-20 06:55:00,GATE_Campus,Smart Campus,14,13,25,120,0.56,0.108
2026-05-20 06:55:00,HUB_StationFwd,Transport Hub,16,55,30,200,0.533,0.275
2026-05-20 06:55:00,JCT_MainRoad,Public Street,22,22,40,60,0.55,0.367
2026-05-20 06:55:00,MALL_CarParkIn,Commercial Area,22,34,50,90,0.44,0.378
2026-05-20 07:00:00,GATE_Campus,Smart Campus,13,39,25,120,0.52,0.325
2026-05-20 07:00:00,HUB_StationFwd,Transport Hub,19,55,30,200,0.633,0.275
2026-05-20 07:00:00,JCT_MainRoad,Public Street,22,21,40,60,0.55,0.35
2026-05-20 07:00:00,MALL_CarParkIn,Commercial Area,33,29,50,90,0.66,0.322
2026-05-20 07:05:00,GATE_Campus,Smart Campus,18,12,25,120,0.72,0.1
2026-05-20 07:05:00,HUB_StationFwd,Transport Hub,22,76,30,200,0.733,0.38
2026-05-20 07:05:00,JCT_MainRoad,Public Street,30,22,40,60,0.75,0.367
2026-05-20 07:05:00,MALL_CarParkIn,Commercial Area,35,19,50,90,0.7,0.211
2026-05-20 07:10:00,GATE_Campus,Smart Campus,18,27,25,120,0.72,0.225
2026-05-20 07:10:00,HUB_StationFwd,Transport Hub,24,81,30,200,0.8,0.405
2026-05-20 07:10:00,JCT_MainRoad,Public Street,30,22,40,60,0.75,0.367
2026-05-20 07:10:00,MALL_CarParkIn,Commercial Area,39,26,50,90,0.78,0.289
2026-05-20 07:15:00,GATE_Campus,Smart Campus,20,45,25,120,0.8,0.375
2026-05-20 07:15:00,HUB_StationFwd,Transport Hub,28,68,30,200,0.933,0.34
2026-05-20 07:15:00,JCT_MainRoad,Public Street,33,29,40,60,0.825,0.483
2026-05-20 07:15:00,MALL_CarParkIn,Commercial Area,40,35,50,90,0.8,0.389
2026-05-20 07:20:00,GATE_Campus,Smart Campus,22,47,25,120,0.88,0.392
2026-05-20 07:20:00,HUB_StationFwd,Transport Hub,30,47,30,200,1.0,0.235
2026-05-20 07:20:00,JCT_MainRoad,Public Street,37,21,40,60,0.925,0.35
2026-05-20 07:20:00,MALL_CarParkIn,Commercial Area,47,31,50,90,0.94,0.344
2026-05-20 07:25:00,GATE_Campus,Smart Campus,21,37,25,120,0.84,0.308
2026-05-20 07:25:00,HUB_StationFwd,Transport Hub,27,83,30,200,0.9,0.415
2026-05-20 07:25:00,JCT_MainRoad,Public Street,40,16,40,60,1.0,0.267
2026-05-20 07:25:00,MALL_CarParkIn,Commercial Area,51,31,50,90,1.02,0.344
2026-05-20 07:30:00,GATE_Campus,Smart Campus,22,42,25,120,0.88,0.35
2026-05-20 07:30:00,HUB_StationFwd,Transport Hub,34,85,30,200,1.133,0.425
2026-05-20 07:30:00,JCT_MainRoad,Public Street,42,29,40,60,1.05,0.483
2026-05-20 07:30:00,MALL_CarParkIn,Commercial Area,52,43,50,90,1.04,0.478
2026-05-20 07:35:00,GATE_Campus,Smart Campus,27,59,25,120,1.08,0.492
2026-05-20 07:35:00,HUB_StationFwd,Transport Hub,31,86,30,200,1.033,0.43
2026-05-20 07:35:00,JCT_MainRoad,Public Street,42,23,40,60,1.05,0.383
2026-05-20 07:35:00,MALL_CarParkIn,Commercial Area,52,31,50,90,1.04,0.344
2026-05-20 07:40:00,GATE_Campus,Smart Campus,27,47,25,120,1.08,0.392
2026-05-20 07:40:00,HUB_StationFwd,Transport Hub,35,97,30,200,1.167,0.485
2026-05-20 07:40:00,JCT_MainRoad,Public Street,43,26,40,60,1.075,0.433
2026-05-20 07:40:00,MALL_CarParkIn,Commercial Area,48,34,50,90,0.96,0.378
2026-05-20 07:45:00,GATE_Campus,Smart Campus,24,69,25,120,0.96,0.575
2026-05-20 07:45:00,HUB_StationFwd,Transport Hub,34,74,30,200,1.133,0.37
2026-05-20 07:45:00,JCT_MainRoad,Public Street,45,31,40,60,1.125,0.517
2026-05-20 07:45:00,MALL_CarParkIn,Commercial Area,59,41,50,90,1.18,0.456
2026-05-20 07:50:00,GATE_Campus,Smart Campus,30,54,25,120,1.2,0.45
2026-05-20 07:50:00,HUB_StationFwd,Transport Hub,34,115,30,200,1.133,0.575
2026-05-20 07:50:00,JCT_MainRoad,Public Street,42,21,40,60,1.05,0.35
2026-05-20 07:50:00,MALL_CarParkIn,Commercial Area,62,43,50,90,1.24,0.478
2026-05-20 07:55:00,GATE_Campus,Smart Campus,30,59,25,120,1.2,0.492
2026-05-20 07:55:00,HUB_StationFwd,Transport Hub,31,82,30,200,1.033,0.41
2026-05-20 07:55:00,JCT_MainRoad,Public Street,43,24,40,60,1.075,0.4
2026-05-20 07:55:00,MALL_CarParkIn,Commercial Area,61,45,50,90,1.22,0.5
2026-05-20 08:00:00,GATE_Campus,Smart Campus,28,69,25,120,1.12,0.575
2026-05-20 08:00:00,HUB_StationFwd,Transport Hub,35,105,30,200,1.167,0.525
2026-05-20 08:00:00,JCT_MainRoad,Public Street,43,23,40,60,1.075,0.383
2026-05-20 08:00:00,MALL_CarParkIn,Commercial Area,56,48,50,90,1.12,0.533
2026-05-20 08:05:00,GATE_Campus,Smart Campus,27,60,25,120,1.08,0.5
2026-05-20 08:05:00,HUB_StationFwd,Transport Hub,32,79,30,200,1.067,0.395
2026-05-20 08:05:00,JCT_MainRoad,Public Street,44,27,40,60,1.1,0.45
2026-05-20 08:05:00,MALL_CarParkIn,Commercial Area,61,46,50,90,1.22,0.511
2026-05-20 08:10:00,GATE_Campus,Smart Campus,30,54,25,120,1.2,0.45
2026-05-20 08:10:00,HUB_StationFwd,Transport Hub,37,90,30,200,1.233,0.45
2026-05-20 08:10:00,JCT_MainRoad,Public Street,48,32,40,60,1.2,0.533
2026-05-20 08:10:00,MALL_CarParkIn,Commercial Area,61,48,50,90,1.22,0.533
2026-05-20 08:15:00,GATE_Campus,Smart Campus,29,62,25,120,1.16,0.517
2026-05-20 08:15:00,HUB_StationFwd,Transport Hub,37,122,30,200,1.233,0.61
2026-05-20 08:15:00,JCT_MainRoad,Public Street,43,33,40,60,1.075,0.55
2026-05-20 08:15:00,MALL_CarParkIn,Commercial Area,62,45,50,90,1.24,0.5
2026-05-20 08:20:00,GATE_Campus,Smart Campus,32,63,25,120,1.28,0.525
2026-05-20 08:20:00,HUB_StationFwd,Transport Hub,31,103,30,200,1.033,0.515
2026-05-20 08:20:00,JCT_MainRoad,Public Street,43,33,40,60,1.075,0.55
2026-05-20 08:20:00,MALL_CarParkIn,Commercial Area,52,48,50,90,1.04,0.533
2026-05-20 08:25:00,GATE_Campus,Smart Campus,27,55,25,120,1.08,0.458
2026-05-20 08:25:00,HUB_StationFwd,Transport Hub,32,118,30,200,1.067,0.59
2026-05-20 08:25:00,JCT_MainRoad,Public Street,46,27,40,60,1.15,0.45
2026-05-20 08:25:00,MALL_CarParkIn,Commercial Area,52,49,50,90,1.04,0.544
2026-05-20 08:30:00,GATE_Campus,Smart Campus,26,64,25,120,1.04,0.533
2026-05-20 08:30:00,HUB_StationFwd,Transport Hub,29,113,30,200,0.967,0.565
2026-05-20 08:30:00,JCT_MainRoad,Public Street,39,25,40,60,0.975,0.417
2026-05-20 08:30:00,MALL_CarParkIn,Commercial Area,53,51,50,90,1.06,0.567
2026-05-20 08:35:00,GATE_Campus,Smart Campus,24,62,25,120,0.96,0.517
2026-05-20 08:35:00,HUB_StationFwd,Transport Hub,27,111,30,200,0.9,0.555
2026-05-20 08:35:00,JCT_MainRoad,Public Street,40,34,40,60,1.0,0.567
2026-05-20 08:35:00,MALL_CarParkIn,Commercial Area,48,55,50,90,0.96,0.611
2026-05-20 08:40:00,GATE_Campus,Smart Campus,24,75,25,120,0.96,0.625
2026-05-20 08:40:00,HUB_StationFwd,Transport Hub,29,130,30,200,0.967,0.65
2026-05-20 08:40:00,JCT_MainRoad,Public Street,33,32,40,60,0.825,0.533
2026-05-20 08:40:00,MALL_CarParkIn,Commercial Area,41,54,50,90,0.82,0.6
2026-05-20 08:45:00,GATE_Campus,Smart Campus,22,69,25,120,0.88,0.575
2026-05-20 08:45:00,HUB_StationFwd,Transport Hub,25,112,30,200,0.833,0.56
2026-05-20 08:45:00,JCT_MainRoad,Public Street,33,36,40,60,0.825,0.6
2026-05-20 08:45:00,MALL_CarParkIn,Commercial Area,43,52,50,90,0.86,0.578
2026-05-20 08:50:00,GATE_Campus,Smart Campus,21,68,25,120,0.84,0.567
2026-05-20 08:50:00,HUB_StationFwd,Transport Hub,27,95,30,200,0.9,0.475
2026-05-20 08:50:00,JCT_MainRoad,Public Street,28,37,40,60,0.7,0.617
2026-05-20 08:50:00,MALL_CarParkIn,Commercial Area,41,48,50,90,0.82,0.533
2026-05-20 08:55:00,GATE_Campus,Smart Campus,17,70,25,120,0.68,0.583
2026-05-20 08:55:00,HUB_StationFwd,Transport Hub,20,108,30,200,0.667,0.54
2026-05-20 08:55:00,JCT_MainRoad,Public Street,27,36,40,60,0.675,0.6
2026-05-20 08:55:00,MALL_CarParkIn,Commercial Area,36,53,50,90,0.72,0.589
2026-05-20 09:00:00,GATE_Campus,Smart Campus,15,72,25,120,0.6,0.6
2026-05-20 09:00:00,HUB_StationFwd,Transport Hub,21,125,30,200,0.7,0.625
2026-05-20 09:00:00,JCT_MainRoad,Public Street,28,38,40,60,0.7,0.633
2026-05-20 09:00:00,MALL_CarParkIn,Commercial Area,33,53,50,90,0.66,0.589
2026-05-20 09:05:00,GATE_Campus,Smart Campus,14,76,25,120,0.56,0.633
2026-05-20 09:05:00,HUB_StationFwd,Transport Hub,18,124,30,200,0.6,0.62
2026-05-20 09:05:00,JCT_MainRoad,Public Street,18,36,40,60,0.45,0.6
2026-05-20 09:05:00,MALL_CarParkIn,Commercial Area,28,55,50,90,0.56,0.611
2026-05-20 09:10:00,GATE_Campus,Smart Campus,14,64,25,120,0.56,0.533
2026-05-20 09:10:00,HUB_StationFwd,Transport Hub,17,100,30,200,0.567,0.5
2026-05-20 09:10:00,JCT_MainRoad,Public Street,22,38,40,60,0.55,0.633
2026-05-20 09:10:00,MALL_CarParkIn,Commercial Area,31,66,50,90,0.62,0.733
2026-05-20 09:15:00,GATE_Campus,Smart Campus,14,64,25,120,0.56,0.533
2026-05-20 09:15:00,HUB_StationFwd,Transport Hub,13,111,30,200,0.433,0.555
2026-05-20 09:15:00,JCT_MainRoad,Public Street,19,33,40,60,0.475,0.55
2026-05-20 09:15:00,MALL_CarParkIn,Commercial Area,20,51,50,90,0.4,0.567
2026-05-20 09:20:00,GATE_Campus,Smart Campus,10,80,25,120,0.4,0.667
2026-05-20 09:20:00,HUB_StationFwd,Transport Hub,12,113,30,200,0.4,0.565
2026-05-20 09:20:00,JCT_MainRoad,Public Street,15,35,40,60,0.375,0.583
2026-05-20 09:20:00,MALL_CarParkIn,Commercial Area,19,56,50,90,0.38,0.622
2026-05-20 09:25:00,GATE_Campus,Smart Campus,8,69,25,120,0.32,0.575
2026-05-20 09:25:00,HUB_StationFwd,Transport Hub,11,115,30,200,0.367,0.575
2026-05-20 09:25:00,JCT_MainRoad,Public Street,11,37,40,60,0.275,0.617
2026-05-20 09:25:00,MALL_CarParkIn,Commercial Area,18,60,50,90,0.36,0.667
2026-05-20 09:30:00,GATE_Campus,Smart Campus,9,61,25,120,0.36,0.508
2026-05-20 09:30:00,HUB_StationFwd,Transport Hub,8,103,30,200,0.267,0.515
2026-05-20 09:30:00,JCT_MainRoad,Public Street,13,39,40,60,0.325,0.65
2026-05-20 09:30:00,MALL_CarParkIn,Commercial Area,19,54,50,90,0.38,0.6
2026-05-20 09:35:00,GATE_Campus,Smart Campus,7,75,25,120,0.28,0.625
2026-05-20 09:35:00,HUB_StationFwd,Transport Hub,10,111,30,200,0.333,0.555
2026-05-20 09:35:00,JCT_MainRoad,Public Street,10,34,40,60,0.25,0.567
2026-05-20 09:35:00,MALL_CarParkIn,Commercial Area,9,66,50,90,0.18,0.733
2026-05-20 09:40:00,GATE_Campus,Smart Campus,8,74,25,120,0.32,0.617
2026-05-20 09:40:00,HUB_StationFwd,Transport Hub,9,110,30,200,0.3,0.55
2026-05-20 09:40:00,JCT_MainRoad,Public Street,11,37,40,60,0.275,0.617
2026-05-20 09:40:00,MALL_CarParkIn,Commercial Area,8,51,50,90,0.16,0.567
2026-05-20 09:45:00,GATE_Campus,Smart Campus,2,60,25,120,0.08,0.5
2026-05-20 09:45:00,HUB_StationFwd,Transport Hub,8,127,30,200,0.267,0.635
2026-05-20 09:45:00,JCT_MainRoad,Public Street,9,34,40,60,0.225,0.567
2026-05-20 09:45:00,MALL_CarParkIn,Commercial Area,4,55,50,90,0.08,0.611
2026-05-20 09:50:00,GATE_Campus,Smart Campus,3,72,25,120,0.12,0.6
2026-05-20 09:50:00,HUB_StationFwd,Transport Hub,9,126,30,200,0.3,0.63
2026-05-20 09:50:00,JCT_MainRoad,Public Street,12,35,40,60,0.3,0.583
2026-05-20 09:50:00,MALL_CarParkIn,Commercial Area,10,48,50,90,0.2,0.533
2026-05-20 09:55:00,GATE_Campus,Smart Campus,3,75,25,120,0.12,0.625
2026-05-20 09:55:00,HUB_StationFwd,Transport Hub,8,114,30,200,0.267,0.57
2026-05-20 09:55:00,JCT_MainRoad,Public Street,6,38,40,60,0.15,0.633
2026-05-20 09:55:00,MALL_CarParkIn,Commercial Area,5,50,50,90,0.1,0.556
2026-05-20 10:00:00,GATE_Campus,Smart Campus,0,72,25,120,0.0,0.6
2026-05-20 10:00:00,HUB_StationFwd,Transport Hub,4,110,30,200,0.133,0.55
2026-05-20 10:00:00,JCT_MainRoad,Public Street,3,27,40,60,0.075,0.45
2026-05-20 10:00:00,MALL_CarParkIn,Commercial Area,6,53,50,90,0.12,0.589
2026-05-20 10:05:00,GATE_Campus,Smart Campus,2,73,25,120,0.08,0.608
2026-05-20 10:05:00,HUB_StationFwd,Transport Hub,5,115,30,200,0.167,0.575
2026-05-20 10:05:00,JCT_MainRoad,Public Street,6,29,40,60,0.15,0.483
2026-05-20 10:05:00,MALL_CarParkIn,Commercial Area,9,56,50,90,0.18,0.622
2026-05-20 10:10:00,GATE_Campus,Smart Campus,2,57,25,120,0.08,0.475
2026-05-20 10:10:00,HUB_StationFwd,Transport Hub,3,103,30,200,0.1,0.515
2026-05-20 10:10:00,JCT_MainRoad,Public Street,6,28,40,60,0.15,0.467
2026-05-20 10:10:00,MALL_CarParkIn,Commercial Area,4,52,50,90,0.08,0.578
2026-05-20 10:15:00,GATE_Campus,Smart Campus,3,69,25,120,0.12,0.575
2026-05-20 10:15:00,HUB_StationFwd,Transport Hub,4,97,30,200,0.133,0.485
2026-05-20 10:15:00,JCT_MainRoad,Public Street,9,25,40,60,0.225,0.417
2026-05-20 10:15:00,MALL_CarParkIn,Commercial Area,7,57,50,90,0.14,0.633
2026-05-20 10:20:00,GATE_Campus,Smart Campus,5,64,25,120,0.2,0.533
2026-05-20 10:20:00,HUB_StationFwd,Transport Hub,2,98,30,200,0.067,0.49
2026-05-20 10:20:00,JCT_MainRoad,Public Street,7,30,40,60,0.175,0.5
2026-05-20 10:20:00,MALL_CarParkIn,Commercial Area,4,49,50,90,0.08,0.544
2026-05-20 10:25:00,GATE_Campus,Smart Campus,2,61,25,120,0.08,0.508
2026-05-20 10:25:00,HUB_StationFwd,Transport Hub,6,101,30,200,0.2,0.505
2026-05-20 10:25:00,JCT_MainRoad,Public Street,5,35,40,60,0.125,0.583
2026-05-20 10:25:00,MALL_CarParkIn,Commercial Area,7,47,50,90,0.14,0.522
2026-05-20 10:30:00,GATE_Campus,Smart Campus,1,70,25,120,0.04,0.583
2026-05-20 10:30:00,HUB_StationFwd,Transport Hub,4,93,30,200,0.133,0.465
2026-05-20 10:30:00,JCT_MainRoad,Public Street,8,31,40,60,0.2,0.517
2026-05-20 10:30:00,MALL_CarParkIn,Commercial Area,7,63,50,90,0.14,0.7
2026-05-20 10:35:00,GATE_Campus,Smart Campus,2,74,25,120,0.08,0.617
2026-05-20 10:35:00,HUB_StationFwd,Transport Hub,2,107,30,200,0.067,0.535
2026-05-20 10:35:00,JCT_MainRoad,Public Street,0,32,40,60,0.0,0.533
2026-05-20 10:35:00,MALL_CarParkIn,Commercial Area,2,49,50,90,0.04,0.544
2026-05-20 10:40:00,GATE_Campus,Smart Campus,4,75,25,120,0.16,0.625
2026-05-20 10:40:00,HUB_StationFwd,Transport Hub,5,112,30,200,0.167,0.56
2026-05-20 10:40:00,JCT_MainRoad,Public Street,2,35,40,60,0.05,0.583
2026-05-20 10:40:00,MALL_CarParkIn,Commercial Area,4,43,50,90,0.08,0.478
2026-05-20 10:45:00,GATE_Campus,Smart Campus,0,71,25,120,0.0,0.592
2026-05-20 10:45:00,HUB_StationFwd,Transport Hub,0,83,30,200,0.0,0.415
2026-05-20 10:45:00,JCT_MainRoad,Public Street,1,35,40,60,0.025,0.583
2026-05-20 10:45:00,MALL_CarParkIn,Commercial Area,8,42,50,90,0.16,0.467
2026-05-20 10:50:00,GATE_Campus,Smart Campus,1,60,25,120,0.04,0.5
2026-05-20 10:50:00,HUB_StationFwd,Transport Hub,0,101,30,200,0.0,0.505
2026-05-20 10:50:00,JCT_MainRoad,Public Street,2,30,40,60,0.05,0.5
2026-05-20 10:50:00,MALL_CarParkIn,Commercial Area,6,40,50,90,0.12,0.444
2026-05-20 10:55:00,GATE_Campus,Smart Campus,3,62,25,120,0.12,0.517
2026-05-20 10:55:00,HUB_StationFwd,Transport Hub,4,97,30,200,0.133,0.485
2026-05-20 10:55:00,JCT_MainRoad,Public Street,0,35,40,60,0.0,0.583
2026-05-20 10:55:00,MALL_CarParkIn,Commercial Area,0,50,50,90,0.0,0.556
2026-05-20 11:00:00,GATE_Campus,Smart Campus,2,64,25,120,0.08,0.533
2026-05-20 11:00:00,HUB_StationFwd,Transport Hub,3,102,30,200,0.1,0.51
2026-05-20 11:00:00,JCT_MainRoad,Public Street,5,30,40,60,0.125,0.5
2026-05-20 11:00:00,MALL_CarParkIn,Commercial Area,6,42,50,90,0.12,0.467
2026-05-20 11:05:00,GATE_Campus,Smart Campus,3,59,25,120,0.12,0.492
2026-05-20 11:05:00,HUB_StationFwd,Transport Hub,3,96,30,200,0.1,0.48
2026-05-20 11:05:00,JCT_MainRoad,Public Street,3,26,40,60,0.075,0.433
2026-05-20 11:05:00,MALL_CarParkIn,Commercial Area,0,44,50,90,0.0,0.489
2026-05-20 11:10:00,GATE_Campus,Smart Campus,2,58,25,120,0.08,0.483
2026-05-20 11:10:00,HUB_StationFwd,Transport Hub,0,78,30,200,0.0,0.39
2026-05-20 11:10:00,JCT_MainRoad,Public Street,0,26,40,60,0.0,0.433
2026-05-20 11:10:00,MALL_CarParkIn,Commercial Area,9,42,50,90,0.18,0.467
2026-05-20 11:15:00,GATE_Campus,Smart Campus,3,62,25,120,0.12,0.517
2026-05-20 11:15:00,HUB_StationFwd,Transport Hub,2,79,30,200,0.067,0.395
2026-05-20 11:15:00,JCT_MainRoad,Public Street,0,23,40,60,0.0,0.383
2026-05-20 11:15:00,MALL_CarParkIn,Commercial Area,8,46,50,90,0.16,0.511
2026-05-20 11:20:00,GATE_Campus,Smart Campus,0,55,25,120,0.0,0.458
2026-05-20 11:20:00,HUB_StationFwd,Transport Hub,7,93,30,200,0.233,0.465
2026-05-20 11:20:00,JCT_MainRoad,Public Street,4,25,40,60,0.1,0.417
2026-05-20 11:20:00,MALL_CarParkIn,Commercial Area,5,37,50,90,0.1,0.411
2026-05-20 11:25:00,GATE_Campus,Smart Campus,2,50,25,120,0.08,0.417
2026-05-20 11:25:00,HUB_StationFwd,Transport Hub,4,104,30,200,0.133,0.52
2026-05-20 11:25:00,JCT_MainRoad,Public Street,6,26,40,60,0.15,0.433
2026-05-20 11:25:00,MALL_CarParkIn,Commercial Area,5,35,50,90,0.1,0.389
2026-05-20 11:30:00,GATE_Campus,Smart Campus,2,51,25,120,0.08,0.425
2026-05-20 11:30:00,HUB_StationFwd,Transport Hub,3,64,30,200,0.1,0.32
2026-05-20 11:30:00,JCT_MainRoad,Public Street,9,30,40,60,0.225,0.5
2026-05-20 11:30:00,MALL_CarParkIn,Commercial Area,3,42,50,90,0.06,0.467
2026-05-20 11:35:00,GATE_Campus,Smart Campus,0,58,25,120,0.0,0.483
2026-05-20 11:35:00,HUB_StationFwd,Transport Hub,1,93,30,200,0.033,0.465
2026-05-20 11:35:00,JCT_MainRoad,Public Street,11,33,40,60,0.275,0.55
2026-05-20 11:35:00,MALL_CarParkIn,Commercial Area,6,43,50,90,0.12,0.478
2026-05-20 11:40:00,GATE_Campus,Smart Campus,0,53,25,120,0.0,0.442
2026-05-20 11:40:00,HUB_StationFwd,Transport Hub,2,102,30,200,0.067,0.51
2026-05-20 11:40:00,JCT_MainRoad,Public Street,4,21,40,60,0.1,0.35
2026-05-20 11:40:00,MALL_CarParkIn,Commercial Area,3,41,50,90,0.06,0.456
2026-05-20 11:45:00,GATE_Campus,Smart Campus,3,55,25,120,0.12,0.458
2026-05-20 11:45:00,HUB_StationFwd,Transport Hub,0,85,30,200,0.0,0.425
2026-05-20 11:45:00,JCT_MainRoad,Public Street,0,28,40,60,0.0,0.467
2026-05-20 11:45:00,MALL_CarParkIn,Commercial Area,5,35,50,90,0.1,0.389
2026-05-20 11:50:00,GATE_Campus,Smart Campus,1,57,25,120,0.04,0.475
2026-05-20 11:50:00,HUB_StationFwd,Transport Hub,3,93,30,200,0.1,0.465
2026-05-20 11:50:00,JCT_MainRoad,Public Street,0,22,40,60,0.0,0.367
2026-05-20 11:50:00,MALL_CarParkIn,Commercial Area,7,42,50,90,0.14,0.467
2026-05-20 11:55:00,GATE_Campus,Smart Campus,0,49,25,120,0.0,0.408
2026-05-20 11:55:00,HUB_StationFwd,Transport Hub,4,77,30,200,0.133,0.385
2026-05-20 11:55:00,JCT_MainRoad,Public Street,4,27,40,60,0.1,0.45
2026-05-20 11:55:00,MALL_CarParkIn,Commercial Area,2,34,50,90,0.04,0.378
2026-05-20 12:00:00,GATE_Campus,Smart Campus,2,56,25,120,0.08,0.467
2026-05-20 12:00:00,HUB_StationFwd,Transport Hub,0,83,30,200,0.0,0.415
2026-05-20 12:00:00,JCT_MainRoad,Public Street,1,25,40,60,0.025,0.417
2026-05-20 12:00:00,MALL_CarParkIn,Commercial Area,2,35,50,90,0.04,0.389
2026-05-20 12:05:00,GATE_Campus,Smart Campus,4,53,25,120,0.16,0.442
2026-05-20 12:05:00,HUB_StationFwd,Transport Hub,1,64,30,200,0.033,0.32
2026-05-20 12:05:00,JCT_MainRoad,Public Street,2,19,40,60,0.05,0.317
2026-05-20 12:05:00,MALL_CarParkIn,Commercial Area,0,33,50,90,0.0,0.367
2026-05-20 12:10:00,GATE_Campus,Smart Campus,0,41,25,120,0.0,0.342
2026-05-20 12:10:00,HUB_StationFwd,Transport Hub,0,55,30,200,0.0,0.275
2026-05-20 12:10:00,JCT_MainRoad,Public Street,1,28,40,60,0.025,0.467
2026-05-20 12:10:00,MALL_CarParkIn,Commercial Area,0,44,50,90,0.0,0.489
2026-05-20 12:15:00,GATE_Campus,Smart Campus,0,60,25,120,0.0,0.5
2026-05-20 12:15:00,HUB_StationFwd,Transport Hub,0,94,30,200,0.0,0.47
2026-05-20 12:15:00,JCT_MainRoad,Public Street,3,23,40,60,0.075,0.383
2026-05-20 12:15:00,MALL_CarParkIn,Commercial Area,0,41,50,90,0.0,0.456
2026-05-20 12:20:00,GATE_Campus,Smart Campus,0,46,25,120,0.0,0.383
2026-05-20 12:20:00,HUB_StationFwd,Transport Hub,3,70,30,200,0.1,0.35
2026-05-20 12:20:00,JCT_MainRoad,Public Street,6,23,40,60,0.15,0.383
2026-05-20 12:20:00,MALL_CarParkIn,Commercial Area,7,40,50,90,0.14,0.444
2026-05-20 12:25:00,GATE_Campus,Smart Campus,5,37,25,120,0.2,0.308
2026-05-20 12:25:00,HUB_StationFwd,Transport Hub,0,76,30,200,0.0,0.38
2026-05-20 12:25:00,JCT_MainRoad,Public Street,4,21,40,60,0.1,0.35
2026-05-20 12:25:00,MALL_CarParkIn,Commercial Area,10,43,50,90,0.2,0.478
2026-05-20 12:30:00,GATE_Campus,Smart Campus,2,41,25,120,0.08,0.342
2026-05-20 12:30:00,HUB_StationFwd,Transport Hub,4,64,30,200,0.133,0.32
2026-05-20 12:30:00,JCT_MainRoad,Public Street,3,22,40,60,0.075,0.367
2026-05-20 12:30:00,MALL_CarParkIn,Commercial Area,9,52,50,90,0.18,0.578
2026-05-20 12:35:00,GATE_Campus,Smart Campus,3,41,25,120,0.12,0.342
2026-05-20 12:35:00,HUB_StationFwd,Transport Hub,4,64,30,200,0.133,0.32
2026-05-20 12:35:00,JCT_MainRoad,Public Street,0,26,40,60,0.0,0.433
2026-05-20 12:35:00,MALL_CarParkIn,Commercial Area,0,27,50,90,0.0,0.3
2026-05-20 12:40:00,GATE_Campus,Smart Campus,0,48,25,120,0.0,0.4
2026-05-20 12:40:00,HUB_StationFwd,Transport Hub,2,78,30,200,0.067,0.39
2026-05-20 12:40:00,JCT_MainRoad,Public Street,0,23,40,60,0.0,0.383
2026-05-20 12:40:00,MALL_CarParkIn,Commercial Area,7,32,50,90,0.14,0.356
2026-05-20 12:45:00,GATE_Campus,Smart Campus,0,46,25,120,0.0,0.383
2026-05-20 12:45:00,HUB_StationFwd,Transport Hub,0,71,30,200,0.0,0.355
2026-05-20 12:45:00,JCT_MainRoad,Public Street,2,25,40,60,0.05,0.417
2026-05-20 12:45:00,MALL_CarParkIn,Commercial Area,9,32,50,90,0.18,0.356
2026-05-20 12:50:00,GATE_Campus,Smart Campus,3,45,25,120,0.12,0.375
2026-05-20 12:50:00,HUB_StationFwd,Transport Hub,0,84,30,200,0.0,0.42
2026-05-20 12:50:00,JCT_MainRoad,Public Street,3,25,40,60,0.075,0.417
2026-05-20 12:50:00,MALL_CarParkIn,Commercial Area,2,31,50,90,0.04,0.344
2026-05-20 12:55:00,GATE_Campus,Smart Campus,2,52,25,120,0.08,0.433
2026-05-20 12:55:00,HUB_StationFwd,Transport Hub,5,84,30,200,0.167,0.42
2026-05-20 12:55:00,JCT_MainRoad,Public Street,8,28,40,60,0.2,0.467
2026-05-20 12:55:00,MALL_CarParkIn,Commercial Area,4,30,50,90,0.08,0.333
2026-05-20 13:00:00,GATE_Campus,Smart Campus,3,50,25,120,0.12,0.417
2026-05-20 13:00:00,HUB_StationFwd,Transport Hub,0,82,30,200,0.0,0.41
2026-05-20 13:00:00,JCT_MainRoad,Public Street,4,22,40,60,0.1,0.367
2026-05-20 13:00:00,MALL_CarParkIn,Commercial Area,0,34,50,90,0.0,0.378
2026-05-20 13:05:00,GATE_Campus,Smart Campus,2,49,25,120,0.08,0.408
2026-05-20 13:05:00,HUB_StationFwd,Transport Hub,2,81,30,200,0.067,0.405
2026-05-20 13:05:00,JCT_MainRoad,Public Street,6,18,40,60,0.15,0.3
2026-05-20 13:05:00,MALL_CarParkIn,Commercial Area,5,29,50,90,0.1,0.322
2026-05-20 13:10:00,GATE_Campus,Smart Campus,2,50,25,120,0.08,0.417
2026-05-20 13:10:00,HUB_StationFwd,Transport Hub,0,97,30,200,0.0,0.485
2026-05-20 13:10:00,JCT_MainRoad,Public Street,2,27,40,60,0.05,0.45
2026-05-20 13:10:00,MALL_CarParkIn,Commercial Area,0,37,50,90,0.0,0.411
2026-05-20 13:15:00,GATE_Campus,Smart Campus,2,51,25,120,0.08,0.425
2026-05-20 13:15:00,HUB_StationFwd,Transport Hub,4,65,30,200,0.133,0.325
2026-05-20 13:15:00,JCT_MainRoad,Public Street,0,22,40,60,0.0,0.367
2026-05-20 13:15:00,MALL_CarParkIn,Commercial Area,5,35,50,90,0.1,0.389
2026-05-20 13:20:00,GATE_Campus,Smart Campus,3,31,25,120,0.12,0.258
2026-05-20 13:20:00,HUB_StationFwd,Transport Hub,1,77,30,200,0.033,0.385
2026-05-20 13:20:00,JCT_MainRoad,Public Street,1,27,40,60,0.025,0.45
2026-05-20 13:20:00,MALL_CarParkIn,Commercial Area,0,38,50,90,0.0,0.422
2026-05-20 13:25:00,GATE_Campus,Smart Campus,3,44,25,120,0.12,0.367
2026-05-20 13:25:00,HUB_StationFwd,Transport Hub,3,91,30,200,0.1,0.455
2026-05-20 13:25:00,JCT_MainRoad,Public Street,1,25,40,60,0.025,0.417
2026-05-20 13:25:00,MALL_CarParkIn,Commercial Area,6,38,50,90,0.12,0.422
2026-05-20 13:30:00,GATE_Campus,Smart Campus,0,31,25,120,0.0,0.258
2026-05-20 13:30:00,HUB_StationFwd,Transport Hub,4,93,30,200,0.133,0.465
2026-05-20 13:30:00,JCT_MainRoad,Public Street,9,23,40,60,0.225,0.383
2026-05-20 13:30:00,MALL_CarParkIn,Commercial Area,8,38,50,90,0.16,0.422
2026-05-20 13:35:00,GATE_Campus,Smart Campus,0,47,25,120,0.0,0.392
2026-05-20 13:35:00,HUB_StationFwd,Transport Hub,6,60,30,200,0.2,0.3
2026-05-20 13:35:00,JCT_MainRoad,Public Street,1,25,40,60,0.025,0.417
2026-05-20 13:35:00,MALL_CarParkIn,Commercial Area,1,33,50,90,0.02,0.367
2026-05-20 13:40:00,GATE_Campus,Smart Campus,4,46,25,120,0.16,0.383
2026-05-20 13:40:00,HUB_StationFwd,Transport Hub,2,74,30,200,0.067,0.37
2026-05-20 13:40:00,JCT_MainRoad,Public Street,6,30,40,60,0.15,0.5
2026-05-20 13:40:00,MALL_CarParkIn,Commercial Area,0,46,50,90,0.0,0.511
2026-05-20 13:45:00,GATE_Campus,Smart Campus,4,54,25,120,0.16,0.45
2026-05-20 13:45:00,HUB_StationFwd,Transport Hub,3,94,30,200,0.1,0.47
2026-05-20 13:45:00,JCT_MainRoad,Public Street,1,31,40,60,0.025,0.517
2026-05-20 13:45:00,MALL_CarParkIn,Commercial Area,0,36,50,90,0.0,0.4
2026-05-20 13:50:00,GATE_Campus,Smart Campus,0,55,25,120,0.0,0.458
2026-05-20 13:50:00,HUB_StationFwd,Transport Hub,0,84,30,200,0.0,0.42
2026-05-20 13:50:00,JCT_MainRoad,Public Street,6,24,40,60,0.15,0.4
2026-05-20 13:50:00,MALL_CarParkIn,Commercial Area,3,25,50,90,0.06,0.278
2026-05-20 13:55:00,GATE_Campus,Smart Campus,0,48,25,120,0.0,0.4
2026-05-20 13:55:00,HUB_StationFwd,Transport Hub,5,80,30,200,0.167,0.4
2026-05-20 13:55:00,JCT_MainRoad,Public Street,4,24,40,60,0.1,0.4
2026-05-20 13:55:00,MALL_CarParkIn,Commercial Area,2,30,50,90,0.04,0.333
2026-05-20 14:00:00,GATE_Campus,Smart Campus,2,43,25,120,0.08,0.358
2026-05-20 14:00:00,HUB_StationFwd,Transport Hub,1,76,30,200,0.033,0.38
2026-05-20 14:00:00,JCT_MainRoad,Public Street,3,27,40,60,0.075,0.45
2026-05-20 14:00:00,MALL_CarParkIn,Commercial Area,0,26,50,90,0.0,0.289
2026-05-20 14:05:00,GATE_Campus,Smart Campus,4,51,25,120,0.16,0.425
2026-05-20 14:05:00,HUB_StationFwd,Transport Hub,1,74,30,200,0.033,0.37
2026-05-20 14:05:00,JCT_MainRoad,Public Street,3,20,40,60,0.075,0.333
2026-05-20 14:05:00,MALL_CarParkIn,Commercial Area,6,35,50,90,0.12,0.389
2026-05-20 14:10:00,GATE_Campus,Smart Campus,5,43,25,120,0.2,0.358
2026-05-20 14:10:00,HUB_StationFwd,Transport Hub,2,82,30,200,0.067,0.41
2026-05-20 14:10:00,JCT_MainRoad,Public Street,1,25,40,60,0.025,0.417
2026-05-20 14:10:00,MALL_CarParkIn,Commercial Area,3,35,50,90,0.06,0.389
2026-05-20 14:15:00,GATE_Campus,Smart Campus,3,48,25,120,0.12,0.4
2026-05-20 14:15:00,HUB_StationFwd,Transport Hub,0,76,30,200,0.0,0.38
2026-05-20 14:15:00,JCT_MainRoad,Public Street,5,24,40,60,0.125,0.4
2026-05-20 14:15:00,MALL_CarParkIn,Commercial Area,0,33,50,90,0.0,0.367
2026-05-20 14:20:00,GATE_Campus,Smart Campus,1,55,25,120,0.04,0.458
2026-05-20 14:20:00,HUB_StationFwd,Transport Hub,3,79,30,200,0.1,0.395
2026-05-20 14:20:00,JCT_MainRoad,Public Street,2,25,40,60,0.05,0.417
2026-05-20 14:20:00,MALL_CarParkIn,Commercial Area,2,47,50,90,0.04,0.522
2026-05-20 14:25:00,GATE_Campus,Smart Campus,1,44,25,120,0.04,0.367
2026-05-20 14:25:00,HUB_StationFwd,Transport Hub,5,81,30,200,0.167,0.405
2026-05-20 14:25:00,JCT_MainRoad,Public Street,0,21,40,60,0.0,0.35
2026-05-20 14:25:00,MALL_CarParkIn,Commercial Area,8,39,50,90,0.16,0.433
2026-05-20 14:30:00,GATE_Campus,Smart Campus,2,54,25,120,0.08,0.45
2026-05-20 14:30:00,HUB_StationFwd,Transport Hub,3,73,30,200,0.1,0.365
2026-05-20 14:30:00,JCT_MainRoad,Public Street,0,19,40,60,0.0,0.317
2026-05-20 14:30:00,MALL_CarParkIn,Commercial Area,7,40,50,90,0.14,0.444
2026-05-20 14:35:00,GATE_Campus,Smart Campus,2,54,25,120,0.08,0.45
2026-05-20 14:35:00,HUB_StationFwd,Transport Hub,0,88,30,200,0.0,0.44
2026-05-20 14:35:00,JCT_MainRoad,Public Street,4,17,40,60,0.1,0.283
2026-05-20 14:35:00,MALL_CarParkIn,Commercial Area,4,32,50,90,0.08,0.356
2026-05-20 14:40:00,GATE_Campus,Smart Campus,1,43,25,120,0.04,0.358
2026-05-20 14:40:00,HUB_StationFwd,Transport Hub,3,118,30,200,0.1,0.59
2026-05-20 14:40:00,JCT_MainRoad,Public Street,8,21,40,60,0.2,0.35
2026-05-20 14:40:00,MALL_CarParkIn,Commercial Area,7,32,50,90,0.14,0.356
2026-05-20 14:45:00,GATE_Campus,Smart Campus,6,57,25,120,0.24,0.475
2026-05-20 14:45:00,HUB_StationFwd,Transport Hub,4,62,30,200,0.133,0.31
2026-05-20 14:45:00,JCT_MainRoad,Public Street,4,23,40,60,0.1,0.383
2026-05-20 14:45:00,MALL_CarParkIn,Commercial Area,1,38,50,90,0.02,0.422
2026-05-20 14:50:00,GATE_Campus,Smart Campus,6,56,25,120,0.24,0.467
2026-05-20 14:50:00,HUB_StationFwd,Transport Hub,0,89,30,200,0.0,0.445
2026-05-20 14:50:00,JCT_MainRoad,Public Street,4,24,40,60,0.1,0.4
2026-05-20 14:50:00,MALL_CarParkIn,Commercial Area,5,39,50,90,0.1,0.433
2026-05-20 14:55:00,GATE_Campus,Smart Campus,5,52,25,120,0.2,0.433
2026-05-20 14:55:00,HUB_StationFwd,Transport Hub,1,77,30,200,0.033,0.385
2026-05-20 14:55:00,JCT_MainRoad,Public Street,5,33,40,60,0.125,0.55
2026-05-20 14:55:00,MALL_CarParkIn,Commercial Area,6,29,50,90,0.12,0.322
2026-05-20 15:00:00,GATE_Campus,Smart Campus,1,47,25,120,0.04,0.392
2026-05-20 15:00:00,HUB_StationFwd,Transport Hub,5,94,30,200,0.167,0.47
2026-05-20 15:00:00,JCT_MainRoad,Public Street,8,30,40,60,0.2,0.5
2026-05-20 15:00:00,MALL_CarParkIn,Commercial Area,4,38,50,90,0.08,0.422
2026-05-20 15:05:00,GATE_Campus,Smart Campus,5,47,25,120,0.2,0.392
2026-05-20 15:05:00,HUB_StationFwd,Transport Hub,4,89,30,200,0.133,0.445
2026-05-20 15:05:00,JCT_MainRoad,Public Street,6,23,40,60,0.15,0.383
2026-05-20 15:05:00,MALL_CarParkIn,Commercial Area,8,40,50,90,0.16,0.444
2026-05-20 15:10:00,GATE_Campus,Smart Campus,5,50,25,120,0.2,0.417
2026-05-20 15:10:00,HUB_StationFwd,Transport Hub,5,99,30,200,0.167,0.495
2026-05-20 15:10:00,JCT_MainRoad,Public Street,4,28,40,60,0.1,0.467
2026-05-20 15:10:00,MALL_CarParkIn,Commercial Area,4,39,50,90,0.08,0.433
2026-05-20 15:15:00,GATE_Campus,Smart Campus,5,59,25,120,0.2,0.492
2026-05-20 15:15:00,HUB_StationFwd,Transport Hub,8,105,30,200,0.267,0.525
2026-05-20 15:15:00,JCT_MainRoad,Public Street,9,26,40,60,0.225,0.433
2026-05-20 15:15:00,MALL_CarParkIn,Commercial Area,9,37,50,90,0.18,0.411
2026-05-20 15:20:00,GATE_Campus,Smart Campus,6,49,25,120,0.24,0.408
2026-05-20 15:20:00,HUB_StationFwd,Transport Hub,6,95,30,200,0.2,0.475
2026-05-20 15:20:00,JCT_MainRoad,Public Street,8,27,40,60,0.2,0.45
2026-05-20 15:20:00,MALL_CarParkIn,Commercial Area,10,39,50,90,0.2,0.433
2026-05-20 15:25:00,GATE_Campus,Smart Campus,6,60,25,120,0.24,0.5
2026-05-20 15:25:00,HUB_StationFwd,Transport Hub,7,108,30,200,0.233,0.54
2026-05-20 15:25:00,JCT_MainRoad,Public Street,12,29,40,60,0.3,0.483
2026-05-20 15:25:00,MALL_CarParkIn,Commercial Area,0,41,50,90,0.0,0.456
2026-05-20 15:30:00,GATE_Campus,Smart Campus,7,48,25,120,0.28,0.4
2026-05-20 15:30:00,HUB_StationFwd,Transport Hub,12,67,30,200,0.4,0.335
2026-05-20 15:30:00,JCT_MainRoad,Public Street,9,31,40,60,0.225,0.517
2026-05-20 15:30:00,MALL_CarParkIn,Commercial Area,15,43,50,90,0.3,0.478
2026-05-20 15:35:00,GATE_Campus,Smart Campus,7,57,25,120,0.28,0.475
2026-05-20 15:35:00,HUB_StationFwd,Transport Hub,7,116,30,200,0.233,0.58
2026-05-20 15:35:00,JCT_MainRoad,Public Street,6,28,40,60,0.15,0.467
2026-05-20 15:35:00,MALL_CarParkIn,Commercial Area,1,47,50,90,0.02,0.522
2026-05-20 15:40:00,GATE_Campus,Smart Campus,7,60,25,120,0.28,0.5
2026-05-20 15:40:00,HUB_StationFwd,Transport Hub,6,103,30,200,0.2,0.515
2026-05-20 15:40:00,JCT_MainRoad,Public Street,7,33,40,60,0.175,0.55
2026-05-20 15:40:00,MALL_CarParkIn,Commercial Area,11,50,50,90,0.22,0.556
2026-05-20 15:45:00,GATE_Campus,Smart Campus,4,77,25,120,0.16,0.642
2026-05-20 15:45:00,HUB_StationFwd,Transport Hub,10,113,30,200,0.333,0.565
2026-05-20 15:45:00,JCT_MainRoad,Public Street,17,26,40,60,0.425,0.433
2026-05-20 15:45:00,MALL_CarParkIn,Commercial Area,19,43,50,90,0.38,0.478
2026-05-20 15:50:00,GATE_Campus,Smart Campus,9,51,25,120,0.36,0.425
2026-05-20 15:50:00,HUB_StationFwd,Transport Hub,11,87,30,200,0.367,0.435
2026-05-20 15:50:00,JCT_MainRoad,Public Street,18,30,40,60,0.45,0.5
2026-05-20 15:50:00,MALL_CarParkIn,Commercial Area,16,43,50,90,0.32,0.478
2026-05-20 15:55:00,GATE_Campus,Smart Campus,8,72,25,120,0.32,0.6
2026-05-20 15:55:00,HUB_StationFwd,Transport Hub,10,93,30,200,0.333,0.465
2026-05-20 15:55:00,JCT_MainRoad,Public Street,15,40,40,60,0.375,0.667
2026-05-20 15:55:00,MALL_CarParkIn,Commercial Area,14,48,50,90,0.28,0.533
2026-05-20 16:00:00,GATE_Campus,Smart Campus,8,63,25,120,0.32,0.525
2026-05-20 16:00:00,HUB_StationFwd,Transport Hub,11,106,30,200,0.367,0.53
2026-05-20 16:00:00,JCT_MainRoad,Public Street,16,32,40,60,0.4,0.533
2026-05-20 16:00:00,MALL_CarParkIn,Commercial Area,17,50,50,90,0.34,0.556
2026-05-20 16:05:00,GATE_Campus,Smart Campus,15,66,25,120,0.6,0.55
2026-05-20 16:05:00,HUB_StationFwd,Transport Hub,19,105,30,200,0.633,0.525
2026-05-20 16:05:00,JCT_MainRoad,Public Street,23,37,40,60,0.575,0.617
2026-05-20 16:05:00,MALL_CarParkIn,Commercial Area,27,45,50,90,0.54,0.5
2026-05-20 16:10:00,GATE_Campus,Smart Campus,16,64,25,120,0.64,0.533
2026-05-20 16:10:00,HUB_StationFwd,Transport Hub,16,109,30,200,0.533,0.545
2026-05-20 16:10:00,JCT_MainRoad,Public Street,18,32,40,60,0.45,0.533
2026-05-20 16:10:00,MALL_CarParkIn,Commercial Area,20,52,50,90,0.4,0.578
2026-05-20 16:15:00,GATE_Campus,Smart Campus,17,67,25,120,0.68,0.558
2026-05-20 16:15:00,HUB_StationFwd,Transport Hub,16,120,30,200,0.533,0.6
2026-05-20 16:15:00,JCT_MainRoad,Public Street,21,34,40,60,0.525,0.567
2026-05-20 16:15:00,MALL_CarParkIn,Commercial Area,33,53,50,90,0.66,0.589
2026-05-20 16:20:00,GATE_Campus,Smart Campus,17,64,25,120,0.68,0.533
2026-05-20 16:20:00,HUB_StationFwd,Transport Hub,21,87,30,200,0.7,0.435
2026-05-20 16:20:00,JCT_MainRoad,Public Street,28,32,40,60,0.7,0.533
2026-05-20 16:20:00,MALL_CarParkIn,Commercial Area,32,55,50,90,0.64,0.611
2026-05-20 16:25:00,GATE_Campus,Smart Campus,20,76,25,120,0.8,0.633
2026-05-20 16:25:00,HUB_StationFwd,Transport Hub,21,120,30,200,0.7,0.6
2026-05-20 16:25:00,JCT_MainRoad,Public Street,27,32,40,60,0.675,0.533
2026-05-20 16:25:00,MALL_CarParkIn,Commercial Area,31,58,50,90,0.62,0.644
2026-05-20 16:30:00,GATE_Campus,Smart Campus,19,62,25,120,0.76,0.517
2026-05-20 16:30:00,HUB_StationFwd,Transport Hub,23,109,30,200,0.767,0.545
2026-05-20 16:30:00,JCT_MainRoad,Public Street,31,30,40,60,0.775,0.5
2026-05-20 16:30:00,MALL_CarParkIn,Commercial Area,36,44,50,90,0.72,0.489
2026-05-20 16:35:00,GATE_Campus,Smart Campus,21,74,25,120,0.84,0.617
2026-05-20 16:35:00,HUB_StationFwd,Transport Hub,26,107,30,200,0.867,0.535
2026-05-20 16:35:00,JCT_MainRoad,Public Street,33,34,40,60,0.825,0.567
2026-05-20 16:35:00,MALL_CarParkIn,Commercial Area,38,49,50,90,0.76,0.544
2026-05-20 16:40:00,GATE_Campus,Smart Campus,20,61,25,120,0.8,0.508
2026-05-20 16:40:00,HUB_StationFwd,Transport Hub,24,92,30,200,0.8,0.46
2026-05-20 16:40:00,JCT_MainRoad,Public Street,37,30,40,60,0.925,0.5
2026-05-20 16:40:00,MALL_CarParkIn,Commercial Area,48,49,50,90,0.96,0.544
2026-05-20 16:45:00,GATE_Campus,Smart Campus,25,65,25,120,1.0,0.542
2026-05-20 16:45:00,HUB_StationFwd,Transport Hub,29,115,30,200,0.967,0.575
2026-05-20 16:45:00,JCT_MainRoad,Public Street,42,35,40,60,1.05,0.583
2026-05-20 16:45:00,MALL_CarParkIn,Commercial Area,50,49,50,90,1.0,0.544
2026-05-20 16:50:00,GATE_Campus,Smart Campus,26,58,25,120,1.04,0.483
2026-05-20 16:50:00,HUB_StationFwd,Transport Hub,35,80,30,200,1.167,0.4
2026-05-20 16:50:00,JCT_MainRoad,Public Street,41,37,40,60,1.025,0.617
2026-05-20 16:50:00,MALL_CarParkIn,Commercial Area,45,46,50,90,0.9,0.511
2026-05-20 16:55:00,GATE_Campus,Smart Campus,25,69,25,120,1.0,0.575
2026-05-20 16:55:00,HUB_StationFwd,Transport Hub,33,117,30,200,1.1,0.585
2026-05-20 16:55:00,JCT_MainRoad,Public Street,45,34,40,60,1.125,0.567
2026-05-20 16:55:00,MALL_CarParkIn,Commercial Area,52,41,50,90,1.04,0.456
2026-05-20 17:00:00,GATE_Campus,Smart Campus,28,75,25,120,1.12,0.625
2026-05-20 17:00:00,HUB_StationFwd,Transport Hub,33,90,30,200,1.1,0.45
2026-05-20 17:00:00,JCT_MainRoad,Public Street,39,31,40,60,0.975,0.517
2026-05-20 17:00:00,MALL_CarParkIn,Commercial Area,53,49,50,90,1.06,0.544
2026-05-20 17:05:00,GATE_Campus,Smart Campus,29,64,25,120,1.16,0.533
2026-05-20 17:05:00,HUB_StationFwd,Transport Hub,34,108,30,200,1.133,0.54
2026-05-20 17:05:00,JCT_MainRoad,Public Street,47,34,40,60,1.175,0.567
2026-05-20 17:05:00,MALL_CarParkIn,Commercial Area,63,44,50,90,1.26,0.489
2026-05-20 17:10:00,GATE_Campus,Smart Campus,33,62,25,120,1.32,0.517
2026-05-20 17:10:00,HUB_StationFwd,Transport Hub,35,105,30,200,1.167,0.525
2026-05-20 17:10:00,JCT_MainRoad,Public Street,46,31,40,60,1.15,0.517
2026-05-20 17:10:00,MALL_CarParkIn,Commercial Area,56,48,50,90,1.12,0.533
2026-05-20 17:15:00,GATE_Campus,Smart Campus,33,55,25,120,1.32,0.458
2026-05-20 17:15:00,HUB_StationFwd,Transport Hub,37,119,30,200,1.233,0.595
2026-05-20 17:15:00,JCT_MainRoad,Public Street,46,35,40,60,1.15,0.583
2026-05-20 17:15:00,MALL_CarParkIn,Commercial Area,68,43,50,90,1.36,0.478
2026-05-20 17:20:00,GATE_Campus,Smart Campus,32,60,25,120,1.28,0.5
2026-05-20 17:20:00,HUB_StationFwd,Transport Hub,37,101,30,200,1.233,0.505
2026-05-20 17:20:00,JCT_MainRoad,Public Street,48,24,40,60,1.2,0.4
2026-05-20 17:20:00,MALL_CarParkIn,Commercial Area,63,41,50,90,1.26,0.456
2026-05-20 17:25:00,GATE_Campus,Smart Campus,32,50,25,120,1.28,0.417
2026-05-20 17:25:00,HUB_StationFwd,Transport Hub,40,93,30,200,1.333,0.465
2026-05-20 17:25:00,JCT_MainRoad,Public Street,50,29,40,60,1.25,0.483
2026-05-20 17:25:00,MALL_CarParkIn,Commercial Area,60,47,50,90,1.2,0.522
2026-05-20 17:30:00,GATE_Campus,Smart Campus,32,53,25,120,1.28,0.442
2026-05-20 17:30:00,HUB_StationFwd,Transport Hub,35,94,30,200,1.167,0.47
2026-05-20 17:30:00,JCT_MainRoad,Public Street,86,23,40,60,2.0,0.383
2026-05-20 17:30:00,MALL_CarParkIn,Commercial Area,62,46,50,90,1.24,0.511
2026-05-20 17:35:00,GATE_Campus,Smart Campus,32,60,25,120,1.28,0.5
2026-05-20 17:35:00,HUB_StationFwd,Transport Hub,40,113,30,200,1.333,0.565
2026-05-20 17:35:00,JCT_MainRoad,Public Street,79,24,40,60,1.975,0.4
2026-05-20 17:35:00,MALL_CarParkIn,Commercial Area,61,47,50,90,1.22,0.522
2026-05-20 17:40:00,GATE_Campus,Smart Campus,30,67,25,120,1.2,0.558
2026-05-20 17:40:00,HUB_StationFwd,Transport Hub,37,102,30,200,1.233,0.51
2026-05-20 17:40:00,JCT_MainRoad,Public Street,83,34,40,60,2.0,0.567
2026-05-20 17:40:00,MALL_CarParkIn,Commercial Area,59,55,50,90,1.18,0.611
2026-05-20 17:45:00,GATE_Campus,Smart Campus,31,76,25,120,1.24,0.633
2026-05-20 17:45:00,HUB_StationFwd,Transport Hub,38,89,30,200,1.267,0.445
2026-05-20 17:45:00,JCT_MainRoad,Public Street,80,31,40,60,2.0,0.517
2026-05-20 17:45:00,MALL_CarParkIn,Commercial Area,62,43,50,90,1.24,0.478
2026-05-20 17:50:00,GATE_Campus,Smart Campus,29,50,25,120,1.16,0.417
2026-05-20 17:50:00,HUB_StationFwd,Transport Hub,34,88,30,200,1.133,0.44
2026-05-20 17:50:00,JCT_MainRoad,Public Street,79,25,40,60,1.975,0.417
2026-05-20 17:50:00,MALL_CarParkIn,Commercial Area,56,43,50,90,1.12,0.478
2026-05-20 17:55:00,GATE_Campus,Smart Campus,27,63,25,120,1.08,0.525
2026-05-20 17:55:00,HUB_StationFwd,Transport Hub,38,69,30,200,1.267,0.345
2026-05-20 17:55:00,JCT_MainRoad,Public Street,82,21,40,60,2.0,0.35
2026-05-20 17:55:00,MALL_CarParkIn,Commercial Area,51,34,50,90,1.02,0.378
2026-05-20 18:00:00,GATE_Campus,Smart Campus,29,53,25,120,1.16,0.442
2026-05-20 18:00:00,HUB_StationFwd,Transport Hub,36,90,30,200,1.2,0.45
2026-05-20 18:00:00,JCT_MainRoad,Public Street,78,15,40,60,1.95,0.25
2026-05-20 18:00:00,MALL_CarParkIn,Commercial Area,55,31,50,90,1.1,0.344
2026-05-20 18:05:00,GATE_Campus,Smart Campus,28,48,25,120,1.12,0.4
2026-05-20 18:05:00,HUB_StationFwd,Transport Hub,34,61,30,200,1.133,0.305
2026-05-20 18:05:00,JCT_MainRoad,Public Street,47,23,40,60,1.175,0.383
2026-05-20 18:05:00,MALL_CarParkIn,Commercial Area,47,46,50,90,0.94,0.511
2026-05-20 18:10:00,GATE_Campus,Smart Campus,22,51,25,120,0.88,0.425
2026-05-20 18:10:00,HUB_StationFwd,Transport Hub,27,89,30,200,0.9,0.445
2026-05-20 18:10:00,JCT_MainRoad,Public Street,40,33,40,60,1.0,0.55
2026-05-20 18:10:00,MALL_CarParkIn,Commercial Area,48,31,50,90,0.96,0.344
2026-05-20 18:15:00,GATE_Campus,Smart Campus,24,46,25,120,0.96,0.383
2026-05-20 18:15:00,HUB_StationFwd,Transport Hub,30,78,30,200,1.0,0.39
2026-05-20 18:15:00,JCT_MainRoad,Public Street,36,25,40,60,0.9,0.417
2026-05-20 18:15:00,MALL_CarParkIn,Commercial Area,45,29,50,90,0.9,0.322
2026-05-20 18:20:00,GATE_Campus,Smart Campus,24,45,25,120,0.96,0.375
2026-05-20 18:20:00,HUB_StationFwd,Transport Hub,28,102,30,200,0.933,0.51
2026-05-20 18:20:00,JCT_MainRoad,Public Street,35,20,40,60,0.875,0.333
2026-05-20 18:20:00,MALL_CarParkIn,Commercial Area,42,33,50,90,0.84,0.367
2026-05-20 18:25:00,GATE_Campus,Smart Campus,23,39,25,120,0.92,0.325
2026-05-20 18:25:00,HUB_StationFwd,Transport Hub,22,57,30,200,0.733,0.285
2026-05-20 18:25:00,JCT_MainRoad,Public Street,34,23,40,60,0.85,0.383
2026-05-20 18:25:00,MALL_CarParkIn,Commercial Area,49,31,50,90,0.98,0.344
2026-05-20 18:30:00,GATE_Campus,Smart Campus,21,30,25,120,0.84,0.25
2026-05-20 18:30:00,HUB_StationFwd,Transport Hub,23,66,30,200,0.767,0.33
2026-05-20 18:30:00,JCT_MainRoad,Public Street,31,15,40,60,0.775,0.25
2026-05-20 18:30:00,MALL_CarParkIn,Commercial Area,39,25,50,90,0.78,0.278
2026-05-20 18:35:00,GATE_Campus,Smart Campus,18,28,25,120,0.72,0.233
2026-05-20 18:35:00,HUB_StationFwd,Transport Hub,22,86,30,200,0.733,0.43
2026-05-20 18:35:00,JCT_MainRoad,Public Street,25,18,40,60,0.625,0.3
2026-05-20 18:35:00,MALL_CarParkIn,Commercial Area,36,27,50,90,0.72,0.3
2026-05-20 18:40:00,GATE_Campus,Smart Campus,15,42,25,120,0.6,0.35
2026-05-20 18:40:00,HUB_StationFwd,Transport Hub,20,76,30,200,0.667,0.38
2026-05-20 18:40:00,JCT_MainRoad,Public Street,26,19,40,60,0.65,0.317
2026-05-20 18:40:00,MALL_CarParkIn,Commercial Area,26,34,50,90,0.52,0.378
2026-05-20 18:45:00,GATE_Campus,Smart Campus,13,33,25,120,0.52,0.275
2026-05-20 18:45:00,HUB_StationFwd,Transport Hub,18,50,30,200,0.6,0.25
2026-05-20 18:45:00,JCT_MainRoad,Public Street,24,17,40,60,0.6,0.283
2026-05-20 18:45:00,MALL_CarParkIn,Commercial Area,27,22,50,90,0.54,0.244
2026-05-20 18:50:00,GATE_Campus,Smart Campus,14,29,25,120,0.56,0.242
2026-05-20 18:50:00,HUB_StationFwd,Transport Hub,16,58,30,200,0.533,0.29
2026-05-20 18:50:00,JCT_MainRoad,Public Street,28,19,40,60,0.7,0.317
2026-05-20 18:50:00,MALL_CarParkIn,Commercial Area,27,17,50,90,0.54,0.189
2026-05-20 18:55:00,GATE_Campus,Smart Campus,13,31,25,120,0.52,0.258
2026-05-20 18:55:00,HUB_StationFwd,Transport Hub,17,52,30,200,0.567,0.26
2026-05-20 18:55:00,JCT_MainRoad,Public Street,24,17,40,60,0.6,0.283
2026-05-20 18:55:00,MALL_CarParkIn,Commercial Area,20,29,50,90,0.4,0.322
2026-05-20 19:00:00,GATE_Campus,Smart Campus,13,35,25,120,0.52,0.292
2026-05-20 19:00:00,HUB_StationFwd,Transport Hub,15,53,30,200,0.5,0.265
2026-05-20 19:00:00,JCT_MainRoad,Public Street,15,17,40,60,0.375,0.283
2026-05-20 19:00:00,MALL_CarParkIn,Commercial Area,24,25,50,90,0.48,0.278
2026-05-20 19:05:00,GATE_Campus,Smart Campus,11,29,25,120,0.44,0.242
2026-05-20 19:05:00,HUB_StationFwd,Transport Hub,5,38,30,200,0.167,0.19
2026-05-20 19:05:00,JCT_MainRoad,Public Street,14,12,40,60,0.35,0.2
2026-05-20 19:05:00,MALL_CarParkIn,Commercial Area,15,18,50,90,0.3,0.2
2026-05-20 19:10:00,GATE_Campus,Smart Campus,8,22,25,120,0.32,0.183
2026-05-20 19:10:00,HUB_StationFwd,Transport Hub,9,43,30,200,0.3,0.215
2026-05-20 19:10:00,JCT_MainRoad,Public Street,9,16,40,60,0.225,0.267
2026-05-20 19:10:00,MALL_CarParkIn,Commercial Area,16,11,50,90,0.32,0.122
2026-05-20 19:15:00,GATE_Campus,Smart Campus,5,34,25,120,0.2,0.283
2026-05-20 19:15:00,HUB_StationFwd,Transport Hub,9,22,30,200,0.3,0.11
2026-05-20 19:15:00,JCT_MainRoad,Public Street,10,18,40,60,0.25,0.3
2026-05-20 19:15:00,MALL_CarParkIn,Commercial Area,13,15,50,90,0.26,0.167
2026-05-20 19:20:00,GATE_Campus,Smart Campus,6,35,25,120,0.24,0.292
2026-05-20 19:20:00,HUB_StationFwd,Transport Hub,4,41,30,200,0.133,0.205
2026-05-20 19:20:00,JCT_MainRoad,Public Street,12,8,40,60,0.3,0.133
2026-05-20 19:20:00,MALL_CarParkIn,Commercial Area,14,17,50,90,0.28,0.189
2026-05-20 19:25:00,GATE_Campus,Smart Campus,6,26,25,120,0.24,0.217
2026-05-20 19:25:00,HUB_StationFwd,Transport Hub,7,42,30,200,0.233,0.21
2026-05-20 19:25:00,JCT_MainRoad,Public Street,13,8,40,60,0.325,0.133
2026-05-20 19:25:00,MALL_CarParkIn,Commercial Area,10,23,50,90,0.2,0.256
2026-05-20 19:30:00,GATE_Campus,Smart Campus,5,28,25,120,0.2,0.233
2026-05-20 19:30:00,HUB_StationFwd,Transport Hub,9,32,30,200,0.3,0.16
2026-05-20 19:30:00,JCT_MainRoad,Public Street,6,15,40,60,0.15,0.25
2026-05-20 19:30:00,MALL_CarParkIn,Commercial Area,10,10,50,90,0.2,0.111
2026-05-20 19:35:00,GATE_Campus,Smart Campus,4,28,25,120,0.16,0.233
2026-05-20 19:35:00,HUB_StationFwd,Transport Hub,3,13,30,200,0.1,0.065
2026-05-20 19:35:00,JCT_MainRoad,Public Street,6,9,40,60,0.15,0.15
2026-05-20 19:35:00,MALL_CarParkIn,Commercial Area,9,14,50,90,0.18,0.156
2026-05-20 19:40:00,GATE_Campus,Smart Campus,5,26,25,120,0.2,0.217
2026-05-20 19:40:00,HUB_StationFwd,Transport Hub,6,42,30,200,0.2,0.21
2026-05-20 19:40:00,JCT_MainRoad,Public Street,1,14,40,60,0.025,0.233
2026-05-20 19:40:00,MALL_CarParkIn,Commercial Area,6,17,50,90,0.12,0.189
2026-05-20 19:45:00,GATE_Campus,Smart Campus,3,21,25,120,0.12,0.175
2026-05-20 19:45:00,HUB_StationFwd,Transport Hub,3,33,30,200,0.1,0.165
2026-05-20 19:45:00,JCT_MainRoad,Public Street,6,7,40,60,0.15,0.117
2026-05-20 19:45:00,MALL_CarParkIn,Commercial Area,9,0,50,90,0.18,0.0
2026-05-20 19:50:00,GATE_Campus,Smart Campus,2,20,25,120,0.08,0.167
2026-05-20 19:50:00,HUB_StationFwd,Transport Hub,3,18,30,200,0.1,0.09
2026-05-20 19:50:00,JCT_MainRoad,Public Street,3,13,40,60,0.075,0.217
2026-05-20 19:50:00,MALL_CarParkIn,Commercial Area,8,17,50,90,0.16,0.189
2026-05-20 19:55:00,GATE_Campus,Smart Campus,4,19,25,120,0.16,0.158
2026-05-20 19:55:00,HUB_StationFwd,Transport Hub,7,21,30,200,0.233,0.105
2026-05-20 19:55:00,JCT_MainRoad,Public Street,4,8,40,60,0.1,0.133
2026-05-20 19:55:00,MALL_CarParkIn,Commercial Area,6,5,50,90,0.12,0.056
2026-05-20 20:00:00,GATE_Campus,Smart Campus,2,6,25,120,0.08,0.05
2026-05-20 20:00:00,HUB_StationFwd,Transport Hub,2,5,30,200,0.067,0.025
2026-05-20 20:00:00,JCT_MainRoad,Public Street,2,8,40,60,0.05,0.133
2026-05-20 20:00:00,MALL_CarParkIn,Commercial Area,4,12,50,90,0.08,0.133
2026-05-20 20:05:00,GATE_Campus,Smart Campus,3,18,25,120,0.12,0.15
2026-05-20 20:05:00,HUB_StationFwd,Transport Hub,4,9,30,200,0.133,0.045
2026-05-20 20:05:00,JCT_MainRoad,Public Street,4,12,40,60,0.1,0.2
2026-05-20 20:05:00,MALL_CarParkIn,Commercial Area,8,11,50,90,0.16,0.122
2026-05-20 20:10:00,GATE_Campus,Smart Campus,3,2,25,120,0.12,0.017
2026-05-20 20:10:00,HUB_StationFwd,Transport Hub,0,14,30,200,0.0,0.07
2026-05-20 20:10:00,JCT_MainRoad,Public Street,0,5,40,60,0.0,0.083
2026-05-20 20:10:00,MALL_CarParkIn,Commercial Area,4,15,50,90,0.08,0.167
2026-05-20 20:15:00,GATE_Campus,Smart Campus,0,6,25,120,0.0,0.05
2026-05-20 20:15:00,HUB_StationFwd,Transport Hub,7,34,30,200,0.233,0.17
2026-05-20 20:15:00,JCT_MainRoad,Public Street,0,2,40,60,0.0,0.033
2026-05-20 20:15:00,MALL_CarParkIn,Commercial Area,4,12,50,90,0.08,0.133
2026-05-20 20:20:00,GATE_Campus,Smart Campus,2,20,25,120,0.08,0.167
2026-05-20 20:20:00,HUB_StationFwd,Transport Hub,4,10,30,200,0.133,0.05
2026-05-20 20:20:00,JCT_MainRoad,Public Street,10,4,40,60,0.25,0.067
2026-05-20 20:20:00,MALL_CarParkIn,Commercial Area,5,0,50,90,0.1,0.0
2026-05-20 20:25:00,GATE_Campus,Smart Campus,5,16,25,120,0.2,0.133
2026-05-20 20:25:00,HUB_StationFwd,Transport Hub,2,25,30,200,0.067,0.125
2026-05-20 20:25:00,JCT_MainRoad,Public Street,0,7,40,60,0.0,0.117
2026-05-20 20:25:00,MALL_CarParkIn,Commercial Area,10,3,50,90,0.2,0.033
2026-05-20 20:30:00,GATE_Campus,Smart Campus,0,20,25,120,0.0,0.167
2026-05-20 20:30:00,HUB_StationFwd,Transport Hub,4,9,30,200,0.133,0.045
2026-05-20 20:30:00,JCT_MainRoad,Public Street,0,0,40,60,0.0,0.0
2026-05-20 20:30:00,MALL_CarParkIn,Commercial Area,0,8,50,90,0.0,0.089
2026-05-20 20:35:00,GATE_Campus,Smart Campus,0,7,25,120,0.0,0.058
2026-05-20 20:35:00,HUB_StationFwd,Transport Hub,0,18,30,200,0.0,0.09
2026-05-20 20:35:00,JCT_MainRoad,Public Street,9,7,40,60,0.225,0.117
2026-05-20 20:35:00,MALL_CarParkIn,Commercial Area,7,6,50,90,0.14,0.067
2026-05-20 20:40:00,GATE_Campus,Smart Campus,0,0,25,120,0.0,0.0
2026-05-20 20:40:00,HUB_StationFwd,Transport Hub,5,13,30,200,0.167,0.065
2026-05-20 20:40:00,JCT_MainRoad,Public Street,12,2,40,60,0.3,0.033
2026-05-20 20:40:00,MALL_CarParkIn,Commercial Area,0,9,50,90,0.0,0.1
2026-05-20 20:45:00,GATE_Campus,Smart Campus,2,6,25,120,0.08,0.05
2026-05-20 20:45:00,HUB_StationFwd,Transport Hub,2,24,30,200,0.067,0.12
2026-05-20 20:45:00,JCT_MainRoad,Public Street,0,8,40,60,0.0,0.133
2026-05-20 20:45:00,MALL_CarParkIn,Commercial Area,5,10,50,90,0.1,0.111
2026-05-20 20:50:00,GATE_Campus,Smart Campus,2,8,25,120,0.08,0.067
2026-05-20 20:50:00,HUB_StationFwd,Transport Hub,2,6,30,200,0.067,0.03
2026-05-20 20:50:00,JCT_MainRoad,Public Street,2,0,40,60,0.05,0.0
2026-05-20 20:50:00,MALL_CarParkIn,Commercial Area,10,9,50,90,0.2,0.1
2026-05-20 20:55:00,GATE_Campus,Smart Campus,2,8,25,120,0.08,0.067
2026-05-20 20:55:00,HUB_StationFwd,Transport Hub,1,0,30,200,0.033,0.0
2026-05-20 20:55:00,JCT_MainRoad,Public Street,4,1,40,60,0.1,0.017
2026-05-20 20:55:00,MALL_CarParkIn,Commercial Area,6,4,50,90,0.12,0.044
2026-05-20 21:00:00,GATE_Campus,Smart Campus,4,15,25,120,0.16,0.125
2026-05-20 21:00:00,HUB_StationFwd,Transport Hub,1,0,30,200,0.033,0.0
2026-05-20 21:00:00,JCT_MainRoad,Public Street,8,0,40,60,0.2,0.0
2026-05-20 21:00:00,MALL_CarParkIn,Commercial Area,5,0,50,90,0.1,0.0
2026-05-20 21:05:00,GATE_Campus,Smart Campus,0,4,25,120,0.0,0.033
2026-05-20 21:05:00,HUB_StationFwd,Transport Hub,4,5,30,200,0.133,0.025
2026-05-20 21:05:00,JCT_MainRoad,Public Street,0,0,40,60,0.0,0.0
2026-05-20 21:05:00,MALL_CarParkIn,Commercial Area,2,3,50,90,0.04,0.033
2026-05-20 21:10:00,GATE_Campus,Smart Campus,3,9,25,120,0.12,0.075
2026-05-20 21:10:00,HUB_StationFwd,Transport Hub,3,0,30,200,0.1,0.0
2026-05-20 21:10:00,JCT_MainRoad,Public Street,3,4,40,60,0.075,0.067
2026-05-20 21:10:00,MALL_CarParkIn,Commercial Area,4,7,50,90,0.08,0.078
2026-05-20 21:15:00,GATE_Campus,Smart Campus,5,0,25,120,0.2,0.0
2026-05-20 21:15:00,HUB_StationFwd,Transport Hub,4,15,30,200,0.133,0.075
2026-05-20 21:15:00,JCT_MainRoad,Public Street,5,2,40,60,0.125,0.033
2026-05-20 21:15:00,MALL_CarParkIn,Commercial Area,3,0,50,90,0.06,0.0
2026-05-20 21:20:00,GATE_Campus,Smart Campus,0,9,25,120,0.0,0.075
2026-05-20 21:20:00,HUB_StationFwd,Transport Hub,2,5,30,200,0.067,0.025
2026-05-20 21:20:00,JCT_MainRoad,Public Street,4,2,40,60,0.1,0.033
2026-05-20 21:20:00,MALL_CarParkIn,Commercial Area,1,8,50,90,0.02,0.089
2026-05-20 21:25:00,GATE_Campus,Smart Campus,1,6,25,120,0.04,0.05
2026-05-20 21:25:00,HUB_StationFwd,Transport Hub,3,38,30,200,0.1,0.19
2026-05-20 21:25:00,JCT_MainRoad,Public Street,2,2,40,60,0.05,0.033
2026-05-20 21:25:00,MALL_CarParkIn,Commercial Area,3,9,50,90,0.06,0.1
2026-05-20 21:30:00,GATE_Campus,Smart Campus,1,0,25,120,0.04,0.0
2026-05-20 21:30:00,HUB_StationFwd,Transport Hub,2,0,30,200,0.067,0.0
2026-05-20 21:30:00,JCT_MainRoad,Public Street,3,4,40,60,0.075,0.067
2026-05-20 21:30:00,MALL_CarParkIn,Commercial Area,5,5,50,90,0.1,0.056
2026-05-20 21:35:00,GATE_Campus,Smart Campus,0,4,25,120,0.0,0.033
2026-05-20 21:35:00,HUB_StationFwd,Transport Hub,7,12,30,200,0.233,0.06
2026-05-20 21:35:00,JCT_MainRoad,Public Street,0,0,40,60,0.0,0.0
2026-05-20 21:35:00,MALL_CarParkIn,Commercial Area,1,0,50,90,0.02,0.0
2026-05-20 21:40:00,GATE_Campus,Smart Campus,1,4,25,120,0.04,0.033
2026-05-20 21:40:00,HUB_StationFwd,Transport Hub,0,0,30,200,0.0,0.0
2026-05-20 21:40:00,JCT_MainRoad,Public Street,3,5,40,60,0.075,0.083
2026-05-20 21:40:00,MALL_CarParkIn,Commercial Area,1,0,50,90,0.02,0.0
2026-05-20 21:45:00,GATE_Campus,Smart Campus,4,3,25,120,0.16,0.025
2026-05-20 21:45:00,HUB_StationFwd,Transport Hub,5,3,30,200,0.167,0.015
2026-05-20 21:45:00,JCT_MainRoad,Public Street,2,5,40,60,0.05,0.083
2026-05-20 21:45:00,MALL_CarParkIn,Commercial Area,0,14,50,90,0.0,0.156
2026-05-20 21:50:00,GATE_Campus,Smart Campus,5,18,25,120,0.2,0.15
2026-05-20 21:50:00,HUB_StationFwd,Transport Hub,5,11,30,200,0.167,0.055
2026-05-20 21:50:00,JCT_MainRoad,Public Street,4,4,40,60,0.1,0.067
2026-05-20 21:50:00,MALL_CarParkIn,Commercial Area,5,1,50,90,0.1,0.011
2026-05-20 21:55:00,GATE_Campus,Smart Campus,1,5,25,120,0.04,0.042
2026-05-20 21:55:00,HUB_StationFwd,Transport Hub,1,0,30,200,0.033,0.0
2026-05-20 21:55:00,JCT_MainRoad,Public Street,2,5,40,60,0.05,0.083
2026-05-20 21:55:00,MALL_CarParkIn,Commercial Area,6,0,50,90,0.12,0.0
2026-05-20 22:00:00,GATE_Campus,Smart Campus,5,3,25,120,0.2,0.025
2026-05-20 22:00:00,HUB_StationFwd,Transport Hub,7,11,30,200,0.233,0.055
2026-05-20 22:00:00,JCT_MainRoad,Public Street,5,4,40,60,0.125,0.067
2026-05-20 22:00:00,MALL_CarParkIn,Commercial Area,5,11,50,90,0.1,0.122
2026-05-20 22:05:00,GATE_Campus,Smart Campus,2,0,25,120,0.08,0.0
2026-05-20 22:05:00,HUB_StationFwd,Transport Hub,4,31,30,200,0.133,0.155
2026-05-20 22:05:00,JCT_MainRoad,Public Street,6,10,40,60,0.15,0.167
2026-05-20 22:05:00,MALL_CarParkIn,Commercial Area,7,4,50,90,0.14,0.044
2026-05-20 22:10:00,GATE_Campus,Smart Campus,5,0,25,120,0.2,0.0
2026-05-20 22:10:00,HUB_StationFwd,Transport Hub,4,3,30,200,0.133,0.015
2026-05-20 22:10:00,JCT_MainRoad,Public Street,4,2,40,60,0.1,0.033
2026-05-20 22:10:00,MALL_CarParkIn,Commercial Area,4,10,50,90,0.08,0.111
2026-05-20 22:15:00,GATE_Campus,Smart Campus,2,3,25,120,0.08,0.025
2026-05-20 22:15:00,HUB_StationFwd,Transport Hub,2,11,30,200,0.067,0.055
2026-05-20 22:15:00,JCT_MainRoad,Public Street,4,1,40,60,0.1,0.017
2026-05-20 22:15:00,MALL_CarParkIn,Commercial Area,5,5,50,90,0.1,0.056
2026-05-20 22:20:00,GATE_Campus,Smart Campus,2,0,25,120,0.08,0.0
2026-05-20 22:20:00,HUB_StationFwd,Transport Hub,2,21,30,200,0.067,0.105
2026-05-20 22:20:00,JCT_MainRoad,Public Street,3,0,40,60,0.075,0.0
2026-05-20 22:20:00,MALL_CarParkIn,Commercial Area,5,6,50,90,0.1,0.067
2026-05-20 22:25:00,GATE_Campus,Smart Campus,3,15,25,120,0.12,0.125
2026-05-20 22:25:00,HUB_StationFwd,Transport Hub,2,6,30,200,0.067,0.03
2026-05-20 22:25:00,JCT_MainRoad,Public Street,3,0,40,60,0.075,0.0
2026-05-20 22:25:00,MALL_CarParkIn,Commercial Area,4,6,50,90,0.08,0.067
2026-05-20 22:30:00,GATE_Campus,Smart Campus,8,4,25,120,0.32,0.033
2026-05-20 22:30:00,HUB_StationFwd,Transport Hub,3,1,30,200,0.1,0.005
2026-05-20 22:30:00,JCT_MainRoad,Public Street,1,0,40,60,0.025,0.0
2026-05-20 22:30:00,MALL_CarParkIn,Commercial Area,2,7,50,90,0.04,0.078
2026-05-20 22:35:00,GATE_Campus,Smart Campus,3,14,25,120,0.12,0.117
2026-05-20 22:35:00,HUB_StationFwd,Transport Hub,5,0,30,200,0.167,0.0
2026-05-20 22:35:00,JCT_MainRoad,Public Street,4,0,40,60,0.1,0.0
2026-05-20 22:35:00,MALL_CarParkIn,Commercial Area,12,16,50,90,0.24,0.178
2026-05-20 22:40:00,GATE_Campus,Smart Campus,1,5,25,120,0.04,0.042
2026-05-20 22:40:00,HUB_StationFwd,Transport Hub,3,16,30,200,0.1,0.08
2026-05-20 22:40:00,JCT_MainRoad,Public Street,3,2,40,60,0.075,0.033
2026-05-20 22:40:00,MALL_CarParkIn,Commercial Area,2,9,50,90,0.04,0.1
2026-05-20 22:45:00,GATE_Campus,Smart Campus,4,5,25,120,0.16,0.042
2026-05-20 22:45:00,HUB_StationFwd,Transport Hub,0,7,30,200,0.0,0.035
2026-05-20 22:45:00,JCT_MainRoad,Public Street,9,4,40,60,0.225,0.067
2026-05-20 22:45:00,MALL_CarParkIn,Commercial Area,2,0,50,90,0.04,0.0
2026-05-20 22:50:00,GATE_Campus,Smart Campus,1,4,25,120,0.04,0.033
2026-05-20 22:50:00,HUB_StationFwd,Transport Hub,4,0,30,200,0.133,0.0
2026-05-20 22:50:00,JCT_MainRoad,Public Street,8,3,40,60,0.2,0.05
2026-05-20 22:50:00,MALL_CarParkIn,Commercial Area,6,6,50,90,0.12,0.067
2026-05-20 22:55:00,GATE_Campus,Smart Campus,1,5,25,120,0.04,0.042
2026-05-20 22:55:00,HUB_StationFwd,Transport Hub,4,10,30,200,0.133,0.05
2026-05-20 22:55:00,JCT_MainRoad,Public Street,4,0,40,60,0.1,0.0
2026-05-20 22:55:00,MALL_CarParkIn,Commercial Area,5,10,50,90,0.1,0.111
2026-05-20 23:00:00,GATE_Campus,Smart Campus,3,15,25,120,0.12,0.125
2026-05-20 23:00:00,HUB_StationFwd,Transport Hub,3,0,30,200,0.1,0.0
2026-05-20 23:00:00,JCT_MainRoad,Public Street,0,4,40,60,0.0,0.067
2026-05-20 23:00:00,MALL_CarParkIn,Commercial Area,0,8,50,90,0.0,0.089
2026-05-20 23:05:00,GATE_Campus,Smart Campus,1,0,25,120,0.04,0.0
2026-05-20 23:05:00,HUB_StationFwd,Transport Hub,3,0,30,200,0.1,0.0
2026-05-20 23:05:00,JCT_MainRoad,Public Street,0,4,40,60,0.0,0.067
2026-05-20 23:05:00,MALL_CarParkIn,Commercial Area,6,0,50,90,0.12,0.0
2026-05-20 23:10:00,GATE_Campus,Smart Campus,1,0,25,120,0.04,0.0
2026-05-20 23:10:00,HUB_StationFwd,Transport Hub,1,11,30,200,0.033,0.055
2026-05-20 23:10:00,JCT_MainRoad,Public Street,5,1,40,60,0.125,0.017
2026-05-20 23:10:00,MALL_CarParkIn,Commercial Area,2,8,50,90,0.04,0.089
2026-05-20 23:15:00,GATE_Campus,Smart Campus,1,0,25,120,0.04,0.0
2026-05-20 23:15:00,HUB_StationFwd,Transport Hub,0,0,30,200,0.0,0.0
2026-05-20 23:15:00,JCT_MainRoad,Public Street,2,0,40,60,0.05,0.0
2026-05-20 23:15:00,MALL_CarParkIn,Commercial Area,0,7,50,90,0.0,0.078
2026-05-20 23:20:00,GATE_Campus,Smart Campus,2,3,25,120,0.08,0.025
2026-05-20 23:20:00,HUB_StationFwd,Transport Hub,0,17,30,200,0.0,0.085
2026-05-20 23:20:00,JCT_MainRoad,Public Street,3,3,40,60,0.075,0.05
2026-05-20 23:20:00,MALL_CarParkIn,Commercial Area,6,16,50,90,0.12,0.178
2026-05-20 23:25:00,GATE_Campus,Smart Campus,2,7,25,120,0.08,0.058
2026-05-20 23:25:00,HUB_StationFwd,Transport Hub,0,0,30,200,0.0,0.0
2026-05-20 23:25:00,JCT_MainRoad,Public Street,0,2,40,60,0.0,0.033
2026-05-20 23:25:00,MALL_CarParkIn,Commercial Area,4,0,50,90,0.08,0.0
2026-05-20 23:30:00,GATE_Campus,Smart Campus,0,6,25,120,0.0,0.05
2026-05-20 23:30:00,HUB_StationFwd,Transport Hub,2,0,30,200,0.067,0.0
2026-05-20 23:30:00,JCT_MainRoad,Public Street,4,0,40,60,0.1,0.0
2026-05-20 23:30:00,MALL_CarParkIn,Commercial Area,0,0,50,90,0.0,0.0
2026-05-20 23:35:00,GATE_Campus,Smart Campus,2,0,25,120,0.08,0.0
2026-05-20 23:35:00,HUB_StationFwd,Transport Hub,1,27,30,200,0.033,0.135
2026-05-20 23:35:00,JCT_MainRoad,Public Street,3,1,40,60,0.075,0.017
2026-05-20 23:35:00,MALL_CarParkIn,Commercial Area,8,0,50,90,0.16,0.0
2026-05-20 23:40:00,GATE_Campus,Smart Campus,0,10,25,120,0.0,0.083
2026-05-20 23:40:00,HUB_StationFwd,Transport Hub,0,18,30,200,0.0,0.09
2026-05-20 23:40:00,JCT_MainRoad,Public Street,0,2,40,60,0.0,0.033
2026-05-20 23:40:00,MALL_CarParkIn,Commercial Area,4,0,50,90,0.08,0.0
2026-05-20 23:45:00,GATE_Campus,Smart Campus,0,10,25,120,0.0,0.083
2026-05-20 23:45:00,HUB_StationFwd,Transport Hub,0,5,30,200,0.0,0.025
2026-05-20 23:45:00,JCT_MainRoad,Public Street,0,0,40,60,0.0,0.0
2026-05-20 23:45:00,MALL_CarParkIn,Commercial Area,2,0,50,90,0.04,0.0
2026-05-20 23:50:00,GATE_Campus,Smart Campus,1,4,25,120,0.04,0.033
2026-05-20 23:50:00,HUB_StationFwd,Transport Hub,0,0,30,200,0.0,0.0
2026-05-20 23:50:00,JCT_MainRoad,Public Street,2,2,40,60,0.05,0.033
2026-05-20 23:50:00,MALL_CarParkIn,Commercial Area,8,0,50,90,0.16,0.0
2026-05-20 23:55:00,GATE_Campus,Smart Campus,1,9,25,120,0.04,0.075
2026-05-20 23:55:00,HUB_StationFwd,Transport Hub,4,0,30,200,0.133,0.0
2026-05-20 23:55:00,JCT_MainRoad,Public Street,2,0,40,60,0.05,0.0
2026-05-20 23:55:00,MALL_CarParkIn,Commercial Area,3,0,50,90,0.06,0.0
